order_id,customer_id,order_timestamp,product_id,quantity,unit_price,currency
O000001,C00229,2026-03-17T08:32:00,P005,4,85.02,GBP
O000002,C00371,2026-04-18T16:29:00,P001,1,79.35,GBP
O000003,C00594,2026-06-11T23:46:00,P001,3,77.55,GBP
O000004,C00503,2026-03-15T06:36:00,P005,4,88.33,GBP
O000005,C00035,2026-03-23T08:53:00,P004,2,37.22,GBP
O000006,C00616,2026-03-04T02:35:00,P004,1,33.25,GBP
O000007,C00605,2026-03-29T09:14:00,P004,4,37.75,GBP
O000008,C00765,2026-03-03T22:33:00,P001,4,84.07,GBP
O000009,C00547,2026-02-01T01:59:00,P002,1,144.91,GBP
O000010,C00140,2026-05-31T06:00:00,P004,4,37.36,GBP
O000011,C00131,2026-03-22T09:17:00,P004,1,36.93,GBP
O000012,C00703,2026-01-09T19:14:00,P003,3,25.07,GBP
O000013,C00015,2026-01-24T10:01:00,P004,3,32.35,GBP
O000014,C00623,2026-04-30T00:26:00,P001,1,72.4,GBP
O000015,C00990,2026-01-09T15:23:00,P002,3,150.56,GBP
O000016,C00264,2026-04-11T15:03:00,P002,4,153.91,GBP
O000017,C00290,2026-03-04T13:43:00,P005,1,85.17,GBP
O000018,C00568,2026-06-04T09:25:00,P001,3,75.36,GBP
O000019,C00970,2026-05-28T12:54:00,P004,2,31.96,GBP
O000020,C00147,2026-01-28T06:51:00,P001,2,77.59,GBP
O000021,C00955,2026-06-19T18:29:00,P003,2,25.76,GBP
O000022,C00368,2026-06-11T02:18:00,P001,1,73.38,GBP
O000023,C00202,2026-04-01T20:31:00,P003,1,26.79,GBP
O000024,C00592,2026-03-17T05:40:00,P005,2,86.08,GBP
O000025,C00322,2026-05-25T15:18:00,P005,1,92.24,GBP
O000026,C00747,2026-06-24T07:47:00,P002,4,142.4,GBP
O000027,C00696,2026-04-18T15:58:00,P004,1,37.46,GBP
O000028,C00648,2026-04-10T05:38:00,P005,3,91.38,GBP
O000029,C00918,2026-01-19T06:53:00,P003,2,22.57,GBP
O000030,C00578,2026-06-06T16:03:00,P005,4,84.91,GBP
O000031,C00294,2026-03-16T22:50:00,P002,1,135.63,GBP
O000032,C00523,2026-02-20T13:54:00,P002,2,139.82,GBP
O000033,C00649,2026-06-09T23:21:00,P004,2,36.43,GBP
O000034,C00395,2026-04-08T08:16:00,P005,1,83.99,GBP
O000035,C00484,2026-02-01T11:53:00,P003,3,25.29,GBP
O000036,C00121,2026-02-26T07:37:00,P001,4,73.23,GBP
O000037,C00522,2026-04-17T01:55:00,P003,4,24.68,GBP
O000038,C00416,2026-04-26T16:50:00,P001,2,81.48,GBP
O000039,C00782,2026-01-09T07:46:00,P001,4,86.74,GBP
O000040,C00328,2026-04-23T09:12:00,P001,2,77.71,GBP
O000041,C00244,2026-06-23T00:26:00,P002,4,147.52,GBP
O000042,C00449,2026-05-06T18:05:00,P004,2,32.27,GBP
O000043,C00273,2026-06-02T16:06:00,P002,3,146.33,GBP
O000044,C00769,2026-04-30T02:11:00,P002,3,162.69,GBP
O000045,C00591,2026-04-17T16:16:00,P003,1,25.98,GBP
O000046,C00712,2026-03-21T10:47:00,P002,2,148.57,GBP
O000047,C00364,2026-04-24T10:15:00,P003,2,25.88,GBP
O000048,C00877,2026-03-24T04:45:00,P004,1,36.07,GBP
O000049,C00725,2026-01-29T17:46:00,P003,1,27.23,GBP
O000050,C00839,2026-01-29T10:44:00,P004,2,34.82,GBP
O000051,C00807,2026-03-01T18:32:00,P003,4,22.86,GBP
O000052,C00439,2026-03-15T14:21:00,P004,3,38.44,GBP
O000053,C00062,2026-06-19T14:07:00,P005,2,81.16,GBP
O000054,C00517,2026-02-23T02:18:00,P005,4,85.01,GBP
O000055,C00332,2026-06-29T02:03:00,P002,3,157.77,GBP
O000056,C00522,2026-04-20T01:45:00,P002,3,162.64,GBP
O000057,C00765,2026-03-30T12:51:00,P002,2,155.63,GBP
O000058,C00797,2026-05-19T19:43:00,P002,3,142.32,GBP
O000059,C00142,2026-03-13T10:57:00,P004,1,31.87,GBP
O000060,C00325,2026-03-28T16:03:00,P005,2,97.88,GBP
O000061,C00413,2026-02-19T18:16:00,P005,2,81.13,GBP
O000062,C00824,2026-02-12T09:11:00,P002,4,148.91,GBP
O000063,C00113,2026-06-20T17:55:00,P004,4,36.9,GBP
O000064,C00594,2026-04-29T08:33:00,P004,2,34.42,GBP
O000065,C00976,2026-02-25T21:35:00,P004,3,31.66,GBP
O000066,C00668,2026-03-13T16:01:00,P005,2,94.62,GBP
O000067,C00424,2026-05-15T03:16:00,P005,2,98.82,GBP
O000068,C00941,2026-02-01T20:50:00,P002,3,140.36,GBP
O000069,C00093,2026-02-14T23:57:00,P002,1,139.18,GBP
O000070,C00888,2026-04-11T06:19:00,P003,3,23.69,GBP
O000071,C00889,2026-01-25T17:07:00,P003,3,23.86,GBP
O000072,C00285,2026-01-17T18:24:00,P005,2,83.95,GBP
O000073,C00088,2026-03-08T00:07:00,P001,3,86.24,GBP
O000074,C00412,2026-02-27T00:57:00,P002,2,162.13,GBP
O000075,C00518,2026-02-08T14:42:00,P004,3,32.83,GBP
O000076,C00892,2026-06-06T00:18:00,P003,4,27.41,GBP
O000077,C00369,2026-04-24T03:25:00,P004,4,37.29,GBP
O000078,C00670,2026-02-05T03:09:00,P002,3,139.42,GBP
O000079,C00062,2026-05-15T14:15:00,P002,4,160.5,GBP
O000080,C00929,2026-05-18T10:42:00,P004,2,33.54,GBP
O000081,C00306,2026-04-23T13:11:00,P001,2,82.95,GBP
O000082,C00216,2026-01-06T19:40:00,P002,4,160.52,GBP
O000083,C00182,2026-05-14T20:24:00,P003,2,24.47,GBP
O000084,C00403,2026-02-23T02:39:00,P004,1,32.91,GBP
O000085,C00873,2026-05-22T10:01:00,P004,4,31.78,GBP
O000086,C00162,2026-04-11T05:11:00,P005,2,94.84,GBP
O000087,C00968,2026-02-23T23:55:00,P004,1,33.67,GBP
O000088,C00528,2026-03-14T22:47:00,P004,1,33.46,GBP
O000089,C00647,2026-01-24T14:47:00,P002,2,142.61,GBP
O000090,C00880,2026-06-24T01:10:00,P002,1,163.27,GBP
O000091,C00731,2026-06-26T03:20:00,P004,4,34.37,GBP
O000092,C00442,2026-02-15T04:54:00,P005,3,85.92,GBP
O000093,C00314,2026-01-19T09:54:00,P001,3,80.52,GBP
O000094,C00465,2026-06-07T12:54:00,P002,3,139.88,GBP
O000095,C00078,2026-01-27T21:38:00,P001,4,80.17,GBP
O000096,C00082,2026-01-10T13:03:00,P004,1,36.72,GBP
O000097,C00188,2026-04-10T00:12:00,P003,1,24.58,GBP
O000098,C00653,2026-01-27T15:05:00,P003,3,25.55,GBP
O000099,C00205,2026-05-11T21:38:00,P005,4,82.9,GBP
O000100,C00913,2026-02-04T10:39:00,P003,1,22.85,GBP
O000101,C00427,2026-04-10T21:23:00,P004,3,35.31,GBP
O000102,C00328,2026-05-01T07:32:00,P002,4,162.26,GBP
O000103,C00358,2026-01-15T06:03:00,P003,2,23.26,GBP
O000104,C00793,2026-05-15T19:31:00,P002,3,145.39,GBP
O000105,C00868,2026-01-04T15:43:00,P001,1,84.79,GBP
O000106,C00704,2026-04-29T05:51:00,P005,1,90.27,GBP
O000107,C00173,2026-03-04T22:34:00,P001,1,87.84,GBP
O000108,C00861,2026-04-19T14:48:00,P004,3,32.15,GBP
O000109,C00240,2026-02-26T22:25:00,P002,4,158.28,GBP
O000110,C00783,2026-01-21T08:41:00,P004,3,35.51,GBP
O000111,C00366,2026-03-07T02:15:00,P002,2,151.88,GBP
O000112,C00300,2026-05-29T06:04:00,P002,2,135.16,GBP
O000113,C00520,2026-06-21T18:44:00,P001,2,77.69,GBP
O000114,C00049,2026-05-11T20:01:00,P003,4,23.18,GBP
O000115,C00894,2026-04-11T18:41:00,P001,2,73.91,GBP
O000116,C00428,2026-06-05T14:40:00,P002,1,145.02,GBP
O000117,C00872,2026-03-25T01:56:00,P004,2,36.65,GBP
O000118,C00286,2026-06-03T02:09:00,P002,3,161.61,GBP
O000119,C00245,2026-01-14T08:25:00,P002,2,145.95,GBP
O000120,C00499,2026-03-06T20:29:00,P004,2,37.19,GBP
O000121,C00575,2026-02-28T17:15:00,P003,2,23.97,GBP
O000122,C00494,2026-06-14T13:24:00,P003,3,23.77,GBP
O000123,C00159,2026-05-24T12:09:00,P005,2,81.34,GBP
O000124,C00027,2026-05-14T14:01:00,P003,3,26.6,GBP
O000125,C00570,2026-04-16T22:22:00,P002,1,159.87,GBP
O000126,C00528,2026-03-23T00:41:00,P003,3,27.36,GBP
O000127,C00960,2026-06-21T17:26:00,P004,3,36.12,GBP
O000128,C00599,2026-01-08T10:45:00,P001,2,80.9,GBP
O000129,C00478,2026-05-05T05:48:00,P001,1,72.94,GBP
O000130,C00495,2026-03-06T09:51:00,P003,2,24.84,GBP
O000131,C00582,2026-01-28T23:36:00,P001,4,79.54,GBP
O000132,C00963,2026-03-06T00:20:00,P001,3,75.2,GBP
O000133,C00366,2026-04-11T18:01:00,P005,4,93.37,GBP
O000134,C00338,2026-06-22T16:36:00,P002,3,149.36,GBP
O000135,C00614,2026-04-07T13:49:00,P004,4,38.11,GBP
O000136,C00139,2026-02-26T13:26:00,P004,3,36.6,GBP
O000137,C00872,2026-05-01T08:59:00,P001,1,74.36,GBP
O000138,C00557,2026-01-01T06:35:00,P004,2,35.11,GBP
O000139,C00514,2026-06-13T05:15:00,P003,2,26.69,GBP
O000140,C00810,2026-05-17T23:09:00,P005,1,92.24,GBP
O000141,C00314,2026-02-25T19:49:00,P002,1,158.2,GBP
O000142,C00412,2026-01-05T04:40:00,P004,3,35.74,GBP
O000143,C00495,2026-04-23T12:44:00,P002,4,155.69,GBP
O000144,C00429,2026-05-24T09:53:00,P005,2,97.82,GBP
O000145,C00683,2026-01-26T14:35:00,P002,1,147.0,GBP
O000146,C00471,2026-03-22T05:06:00,P003,1,26.66,GBP
O000147,C00255,2026-03-28T08:19:00,P004,3,34.19,GBP
O000148,C00161,2026-06-06T17:35:00,P002,2,157.67,GBP
O000149,C00012,2026-02-23T21:18:00,P003,3,23.69,GBP
O000150,C00139,2026-06-28T13:33:00,P001,3,80.34,GBP
O000151,C00193,2026-02-16T20:28:00,P005,2,96.05,GBP
O000152,C00298,2026-06-30T01:01:00,P001,4,73.34,GBP
O000153,C00856,2026-03-19T15:32:00,P003,4,23.85,GBP
O000154,C00207,2026-06-22T22:19:00,P004,1,37.48,GBP
O000155,C00283,2026-05-31T21:01:00,P001,4,81.2,GBP
O000156,C00470,2026-05-17T02:18:00,P005,4,86.57,GBP
O000157,C00881,2026-03-28T19:37:00,P004,2,38.11,GBP
O000158,C00625,2026-04-09T03:12:00,P001,3,82.6,GBP
O000159,C00022,2026-03-29T16:02:00,P002,4,162.24,GBP
O000160,C00555,2026-05-29T03:17:00,P001,1,80.29,GBP
O000161,C00301,2026-01-29T23:01:00,P004,3,38.25,GBP
O000162,C00440,2026-06-09T21:48:00,P003,1,26.94,GBP
O000163,C00486,2026-02-11T03:33:00,P005,4,92.87,GBP
O000164,C00678,2026-04-27T02:19:00,P004,1,38.16,GBP
O000165,C00397,2026-03-23T17:16:00,P004,4,32.76,GBP
O000166,C00254,2026-03-20T02:23:00,P001,3,72.5,GBP
O000167,C00451,2026-05-23T14:19:00,P004,1,38.02,GBP
O000168,C00964,2026-02-07T13:08:00,P003,2,26.54,GBP
O000169,C00563,2026-01-18T18:53:00,P002,1,160.22,GBP
O000170,C00171,2026-05-06T19:11:00,P005,3,92.53,GBP
O000171,C00934,2026-06-16T05:37:00,P003,1,25.38,GBP
O000172,C00640,2026-04-14T00:52:00,P005,3,86.25,GBP
O000173,C00694,2026-05-24T11:25:00,P003,2,23.46,GBP
O000174,C00064,2026-06-30T09:29:00,P002,4,148.66,GBP
O000175,C00209,2026-02-01T18:04:00,P003,4,24.33,GBP
O000176,C00995,2026-05-07T00:44:00,P004,4,37.24,GBP
O000177,C00770,2026-06-09T08:43:00,P003,1,25.23,GBP
O000178,C00278,2026-03-20T00:04:00,P001,3,72.94,GBP
O000179,C00038,2026-04-24T12:36:00,P004,2,31.81,GBP
O000180,C00793,2026-02-01T01:44:00,P004,1,33.68,GBP
O000181,C00456,2026-06-05T16:35:00,P002,2,152.52,GBP
O000182,C00181,2026-05-24T17:10:00,P003,3,26.24,GBP
O000183,C00158,2026-04-27T07:02:00,P003,4,23.78,GBP
O000184,C00590,2026-06-03T05:05:00,P003,4,23.07,GBP
O000185,C00707,2026-02-19T14:01:00,P004,3,35.91,GBP
O000186,C00283,2026-04-25T12:30:00,P005,4,97.21,GBP
O000187,C00857,2026-05-24T23:58:00,P002,4,163.63,GBP
O000188,C00932,2026-01-18T02:02:00,P003,2,23.43,GBP
O000189,C00364,2026-06-15T20:08:00,P001,4,84.73,GBP
O000190,C00471,2026-01-31T19:03:00,P003,4,23.47,GBP
O000191,C00003,2026-06-12T03:38:00,P004,2,33.52,GBP
O000192,C00718,2026-01-06T08:46:00,P001,2,87.4,GBP
O000193,C00359,2026-04-07T02:00:00,P001,2,76.69,GBP
O000194,C00922,2026-01-26T13:57:00,P004,4,37.42,GBP
O000195,C00361,2026-02-07T16:23:00,P001,2,79.0,GBP
O000196,C00903,2026-04-25T19:38:00,P004,4,32.21,GBP
O000197,C00219,2026-03-25T00:18:00,P004,3,37.6,GBP
O000198,C00183,2026-06-28T15:39:00,P002,1,152.07,GBP
O000199,C00705,2026-03-17T07:11:00,P005,1,90.85,GBP
O000200,C00499,2026-04-15T15:45:00,P004,2,32.44,GBP
O000201,C00869,2026-04-23T01:10:00,P002,3,157.14,GBP
O000202,C00253,2026-01-19T13:31:00,P002,3,152.23,GBP
O000203,C00523,2026-03-21T14:22:00,P003,2,26.92,GBP
O000204,C00344,2026-04-18T01:50:00,P003,4,24.41,GBP
O000205,C00913,2026-05-12T05:22:00,P001,4,82.9,GBP
O000206,C00636,2026-01-06T13:20:00,P001,3,77.11,GBP
O000207,C00034,2026-06-19T06:18:00,P004,2,37.86,GBP
O000208,C00264,2026-01-08T23:56:00,P005,4,96.66,GBP
O000209,C00232,2026-01-24T04:36:00,P002,1,158.78,GBP
O000210,C00836,2026-04-21T13:06:00,P004,3,34.54,GBP
O000211,C00294,2026-06-17T00:08:00,P003,2,23.66,GBP
O000212,C00285,2026-02-10T21:24:00,P001,4,83.06,GBP
O000213,C00579,2026-03-13T07:33:00,P003,2,23.61,GBP
O000214,C00968,2026-05-09T14:49:00,P001,1,79.45,GBP
O000215,C00375,2026-05-22T02:18:00,P002,1,164.27,GBP
O000216,C00977,2026-03-27T15:27:00,P002,2,140.59,GBP
O000217,C00388,2026-04-24T19:02:00,P005,3,87.92,GBP
O000218,C00341,2026-04-06T04:33:00,P004,1,32.26,GBP
O000219,C00031,2026-04-23T00:22:00,P003,4,25.82,GBP
O000220,C00009,2026-04-04T05:20:00,P005,1,98.02,GBP
O000221,C00576,2026-04-13T18:08:00,P004,3,37.72,GBP
O000222,C00297,2026-01-24T04:19:00,P002,4,145.3,GBP
O000223,C00672,2026-02-14T10:51:00,P005,2,88.14,GBP
O000224,C00896,2026-04-13T08:24:00,P003,1,24.64,GBP
O000225,C00393,2026-06-15T06:23:00,P003,1,25.82,GBP
O000226,C00375,2026-01-23T16:28:00,P005,4,96.7,GBP
O000227,C00712,2026-04-03T02:34:00,P005,3,84.6,GBP
O000228,C00603,2026-03-27T07:26:00,P001,2,85.35,GBP
O000229,C00466,2026-02-20T09:07:00,P003,3,26.53,GBP
O000230,C00543,2026-06-15T00:40:00,P001,4,81.98,GBP
O000231,C00434,2026-06-26T05:26:00,P001,3,75.15,GBP
O000232,C00427,2026-01-23T13:32:00,P003,1,25.91,GBP
O000233,C00328,2026-02-08T23:53:00,P004,2,36.88,GBP
O000234,C00155,2026-02-06T04:21:00,P003,4,27.0,GBP
O000235,C00041,2026-06-23T17:24:00,P001,1,87.67,GBP
O000236,C00110,2026-03-11T18:01:00,P001,4,74.68,GBP
O000237,C00075,2026-06-07T19:03:00,P005,3,85.89,GBP
O000238,C00253,2026-04-25T10:18:00,P005,1,92.98,GBP
O000239,C00829,2026-02-04T13:42:00,P005,2,82.97,GBP
O000240,C00009,2026-01-04T17:47:00,P001,1,77.17,GBP
O000241,C00338,2026-06-17T17:20:00,P001,3,80.73,GBP
O000242,C00017,2026-02-19T07:23:00,P003,1,26.05,GBP
O000243,C00349,2026-01-09T18:52:00,P001,1,83.11,GBP
O000244,C00348,2026-04-07T07:33:00,P003,4,27.28,GBP
O000245,C00830,2026-06-01T20:08:00,P001,1,82.15,GBP
O000246,C00797,2026-03-02T02:20:00,P001,4,78.57,GBP
O000247,C00583,2026-03-19T14:16:00,P001,1,86.22,GBP
O000248,C00165,2026-03-16T14:40:00,P004,3,37.3,GBP
O000249,C00148,2026-05-10T03:55:00,P002,3,156.16,GBP
O000250,C00580,2026-05-15T06:29:00,P004,1,36.93,GBP
O000251,C00469,2026-03-10T21:13:00,P005,3,95.81,GBP
O000252,C00599,2026-06-26T10:57:00,P005,2,82.34,GBP
O000253,C00399,2026-01-02T19:45:00,P002,2,135.01,GBP
O000254,C00081,2026-03-08T14:46:00,P003,3,24.58,GBP
O000255,C00508,2026-01-31T14:19:00,P004,1,33.97,GBP
O000256,C00217,2026-01-06T09:44:00,P005,1,92.21,GBP
O000257,C00311,2026-03-02T17:06:00,P005,4,93.15,GBP
O000258,C00298,2026-06-16T03:25:00,P004,1,33.39,GBP
O000259,C00542,2026-04-09T04:55:00,P005,2,96.78,GBP
O000260,C00814,2026-02-03T04:20:00,P002,2,135.68,GBP
O000261,C00278,2026-05-22T16:41:00,P004,2,33.27,GBP
O000262,C00424,2026-01-26T07:25:00,P005,3,87.54,GBP
O000263,C00502,2026-03-06T10:56:00,P005,1,88.13,GBP
O000264,C00705,2026-03-24T17:12:00,P002,3,152.29,GBP
O000265,C00906,2026-01-10T17:41:00,P002,3,146.06,GBP
O000266,C00861,2026-02-06T23:03:00,P004,3,35.09,GBP
O000267,C00579,2026-05-20T17:24:00,P001,1,81.42,GBP
O000268,C00444,2026-06-06T13:04:00,P003,2,24.39,GBP
O000269,C00183,2026-04-05T22:40:00,P005,2,88.46,GBP
O000270,C00975,2026-04-28T14:52:00,P002,4,139.16,GBP
O000271,C00552,2026-03-02T02:49:00,P002,2,149.09,GBP
O000272,C00928,2026-03-07T04:11:00,P005,3,84.7,GBP
O000273,C00989,2026-03-28T21:40:00,P004,1,37.33,GBP
O000274,C00165,2026-02-04T17:32:00,P001,4,73.4,GBP
O000275,C00510,2026-01-21T23:08:00,P001,3,78.72,GBP
O000276,C00372,2026-01-05T04:33:00,P004,3,36.11,GBP
O000277,C00274,2026-04-27T07:37:00,P003,3,25.82,GBP
O000278,C00098,2026-06-14T09:37:00,P002,1,153.63,GBP
O000279,C00761,2026-02-25T06:21:00,P002,1,157.07,GBP
O000280,C00847,2026-05-16T14:43:00,P004,1,38.25,GBP
O000281,C00910,2026-04-19T14:24:00,P004,3,38.21,GBP
O000282,C00482,2026-05-04T22:02:00,P002,1,157.52,GBP
O000283,C00082,2026-06-19T02:05:00,P003,2,22.5,GBP
O000284,C00522,2026-03-06T08:25:00,P004,2,37.41,GBP
O000285,C00404,2026-01-05T02:53:00,P005,4,89.04,GBP
O000286,C00805,2026-06-08T11:48:00,P002,3,140.64,GBP
O000287,C00146,2026-02-04T11:04:00,P002,2,152.73,GBP
O000288,C00138,2026-03-09T04:22:00,P003,4,26.91,GBP
O000289,C00489,2026-04-26T06:11:00,P004,3,34.68,GBP
O000290,C00457,2026-06-22T11:34:00,P001,1,74.63,GBP
O000291,C00675,2026-05-14T17:56:00,P003,1,23.42,GBP
O000292,C00959,2026-03-14T17:57:00,P003,1,24.65,GBP
O000293,C00233,2026-04-07T06:28:00,P005,4,85.14,GBP
O000294,C00729,2026-05-17T16:41:00,P005,3,95.97,GBP
O000295,C00181,2026-01-05T22:46:00,P003,2,24.8,GBP
O000296,C00378,2026-06-19T17:10:00,P005,4,86.59,GBP
O000297,C00058,2026-04-09T19:40:00,P002,2,155.46,GBP
O000298,C00539,2026-03-29T08:14:00,P002,1,154.35,GBP
O000299,C00154,2026-03-23T10:35:00,P004,4,32.06,GBP
O000300,C00730,2026-06-20T22:01:00,P004,3,35.63,GBP
O000301,C00422,2026-04-24T22:00:00,P004,1,35.17,GBP
O000302,C00533,2026-05-26T17:38:00,P004,4,33.0,GBP
O000303,C00765,2026-01-21T07:40:00,P005,3,86.85,GBP
O000304,C00799,2026-06-13T11:11:00,P005,1,83.42,GBP
O000305,C00118,2026-05-24T11:26:00,P004,3,32.7,GBP
O000306,C00985,2026-06-11T01:45:00,P001,4,81.89,GBP
O000307,C00219,2026-05-07T16:38:00,P005,4,88.6,GBP
O000308,C00691,2026-02-20T17:14:00,P005,3,87.81,GBP
O000309,C00300,2026-05-25T21:14:00,P004,1,36.24,GBP
O000310,C00725,2026-05-03T18:54:00,P002,2,159.29,GBP
O000311,C00021,2026-01-12T18:46:00,P001,1,72.36,GBP
O000312,C00100,2026-03-07T06:04:00,P005,4,95.7,GBP
O000313,C00611,2026-01-15T13:29:00,P002,3,144.58,GBP
O000314,C00501,2026-03-24T20:00:00,P003,1,23.03,GBP
O000315,C00579,2026-06-29T13:34:00,P004,1,32.18,GBP
O000316,C00680,2026-05-11T00:16:00,P001,3,83.4,GBP
O000317,C00528,2026-06-27T16:30:00,P002,2,143.18,GBP
O000318,C00496,2026-06-22T21:52:00,P003,4,26.87,GBP
O000319,C00434,2026-03-31T22:30:00,P002,2,153.56,GBP
O000320,C00874,2026-01-12T11:47:00,P001,4,79.3,GBP
O000321,C00160,2026-03-26T02:10:00,P002,3,154.57,GBP
O000322,C00211,2026-03-02T11:10:00,P002,4,163.33,GBP
O000323,C00383,2026-06-22T15:16:00,P004,2,34.97,GBP
O000324,C00257,2026-02-03T13:14:00,P003,4,25.15,GBP
O000325,C00331,2026-01-13T07:03:00,P001,4,72.14,GBP
O000326,C00614,2026-01-24T08:45:00,P001,4,79.52,GBP
O000327,C00077,2026-06-11T23:24:00,P002,1,161.01,GBP
O000328,C00979,2026-04-16T02:54:00,P005,4,91.72,GBP
O000329,C00863,2026-03-09T13:27:00,P004,4,37.7,GBP
O000330,C00619,2026-05-08T22:49:00,P003,1,24.86,GBP
O000331,C00471,2026-01-31T05:48:00,P003,3,26.33,GBP
O000332,C00400,2026-04-19T17:04:00,P002,1,158.47,GBP
O000333,C00224,2026-02-09T11:53:00,P002,3,146.6,GBP
O000334,C00733,2026-02-06T12:22:00,P003,4,25.15,GBP
O000335,C00502,2026-02-22T10:55:00,P001,1,79.58,GBP
O000336,C00765,2026-01-15T22:34:00,P004,2,32.72,GBP
O000337,C00669,2026-06-02T10:09:00,P004,3,37.38,GBP
O000338,C00971,2026-04-17T23:09:00,P001,4,74.93,GBP
O000339,C00091,2026-03-08T20:48:00,P005,4,84.67,GBP
O000340,C00687,2026-03-02T03:39:00,P005,4,88.1,GBP
O000341,C00342,2026-04-11T23:49:00,P003,1,23.77,GBP
O000342,C00598,2026-03-23T02:10:00,P005,4,96.05,GBP
O000343,C00911,2026-04-13T07:25:00,P001,4,72.98,GBP
O000344,C00206,2026-04-10T04:57:00,P001,1,84.67,GBP
O000345,C00368,2026-06-23T02:38:00,P004,4,33.3,GBP
O000346,C00523,2026-04-29T22:07:00,P001,1,85.93,GBP
O000347,C00093,2026-02-22T22:19:00,P003,2,26.32,GBP
O000348,C00895,2026-06-26T16:15:00,P002,3,153.12,GBP
O000349,C00954,2026-02-10T16:28:00,P002,3,157.95,GBP
O000350,C00595,2026-05-20T13:23:00,P004,1,34.72,GBP
O000351,C00343,2026-04-03T10:10:00,P005,1,91.66,GBP
O000352,C00486,2026-01-23T06:13:00,P005,4,97.55,GBP
O000353,C00624,2026-06-03T03:16:00,P003,2,23.95,GBP
O000354,C00998,2026-05-03T00:19:00,P001,2,82.5,GBP
O000355,C00223,2026-06-28T03:34:00,P002,4,164.41,GBP
O000356,C00522,2026-05-27T06:39:00,P004,4,37.2,GBP
O000357,C00021,2026-02-10T02:11:00,P002,3,148.03,GBP
O000358,C00078,2026-04-03T17:03:00,P004,2,32.08,GBP
O000359,C00760,2026-06-05T02:18:00,P005,3,85.78,GBP
O000360,C00065,2026-06-01T12:03:00,P004,4,36.76,GBP
O000361,C00447,2026-06-20T12:26:00,P003,2,25.28,GBP
O000362,C00159,2026-02-26T23:38:00,P003,2,24.3,GBP
O000363,C00708,2026-05-20T11:01:00,P005,1,89.81,GBP
O000364,C00891,2026-04-22T06:39:00,P001,2,84.53,GBP
O000365,C00787,2026-02-07T18:40:00,P002,2,153.24,GBP
O000366,C00817,2026-03-02T12:10:00,P002,4,151.28,GBP
O000367,C00540,2026-06-06T16:59:00,P001,2,77.98,GBP
O000368,C00360,2026-06-03T22:08:00,P004,2,33.59,GBP
O000369,C00421,2026-05-15T22:40:00,P003,4,26.74,GBP
O000370,C00273,2026-04-16T09:27:00,P003,4,24.1,GBP
O000371,C00701,2026-02-08T17:44:00,P002,1,138.07,GBP
O000372,C00946,2026-02-01T18:47:00,P003,1,26.12,GBP
O000373,C00539,2026-05-20T01:40:00,P005,4,89.63,GBP
O000374,C00758,2026-03-21T11:58:00,P001,3,83.94,GBP
O000375,C00556,2026-01-29T22:12:00,P001,1,77.11,GBP
O000376,C00112,2026-01-01T19:11:00,P005,4,97.0,GBP
O000377,C00499,2026-06-02T16:47:00,P003,4,23.76,GBP
O000378,C00082,2026-05-31T07:14:00,P004,4,35.21,GBP
O000379,C00386,2026-02-19T13:06:00,P003,3,24.43,GBP
O000380,C00249,2026-02-26T07:59:00,P003,4,26.58,GBP
O000381,C00284,2026-05-27T13:56:00,P002,4,140.95,GBP
O000382,C00592,2026-02-07T05:19:00,P004,2,37.93,GBP
O000383,C00515,2026-01-30T21:01:00,P001,2,77.51,GBP
O000384,C00224,2026-05-05T09:54:00,P002,4,151.47,GBP
O000385,C00251,2026-03-15T10:41:00,P001,2,77.16,GBP
O000386,C00119,2026-06-03T09:53:00,P001,1,77.1,GBP
O000387,C00259,2026-05-02T04:27:00,P004,4,31.68,GBP
O000388,C00886,2026-06-14T19:14:00,P004,1,32.64,GBP
O000389,C00277,2026-04-01T20:03:00,P004,4,34.65,GBP
O000390,C00387,2026-01-05T19:31:00,P005,3,94.51,GBP
O000391,C00595,2026-01-30T20:42:00,P005,3,82.67,GBP
O000392,C00497,2026-03-01T13:16:00,P004,4,34.04,GBP
O000393,C00662,2026-05-16T17:59:00,P003,3,25.11,GBP
O000394,C00519,2026-06-02T23:18:00,P003,3,27.0,GBP
O000395,C00464,2026-01-30T08:21:00,P001,3,84.79,GBP
O000396,C00983,2026-03-09T09:00:00,P005,1,97.78,GBP
O000397,C00941,2026-04-22T08:17:00,P005,3,86.75,GBP
O000398,C00491,2026-03-06T16:17:00,P004,2,34.87,GBP
O000399,C00450,2026-06-13T05:23:00,P001,3,74.26,GBP
O000400,C00528,2026-04-27T15:10:00,P003,1,24.41,GBP
O000401,C00805,2026-06-08T02:46:00,P005,4,94.6,GBP
O000402,C00341,2026-04-06T16:49:00,P005,2,96.66,GBP
O000403,C00130,2026-02-17T20:17:00,P001,1,82.22,GBP
O000404,C00941,2026-01-16T11:02:00,P005,3,81.21,GBP
O000405,C00360,2026-01-30T14:57:00,P002,3,146.38,GBP
O000406,C00292,2026-01-09T11:00:00,P005,2,82.2,GBP
O000407,C00284,2026-03-19T06:18:00,P003,4,24.53,GBP
O000408,C00106,2026-02-04T06:25:00,P005,1,85.21,GBP
O000409,C00794,2026-04-15T11:28:00,P002,2,141.06,GBP
O000410,C00898,2026-04-05T20:54:00,P004,1,33.69,GBP
O000411,C00585,2026-04-12T05:20:00,P005,1,84.34,GBP
O000412,C00609,2026-04-14T00:00:00,P005,4,89.81,GBP
O000413,C00783,2026-06-11T11:06:00,P004,2,35.02,GBP
O000414,C00797,2026-06-29T16:15:00,P002,4,148.94,GBP
O000415,C00254,2026-01-13T20:04:00,P004,2,34.68,GBP
O000416,C00889,2026-04-22T13:08:00,P004,4,31.68,GBP
O000417,C00674,2026-05-26T17:01:00,P005,3,95.58,GBP
O000418,C01000,2026-01-03T01:53:00,P003,3,23.88,GBP
O000419,C00678,2026-01-12T15:08:00,P002,2,153.01,GBP
O000420,C00968,2026-06-06T00:55:00,P001,4,72.27,GBP
O000421,C00627,2026-03-01T06:12:00,P002,2,147.13,GBP
O000422,C00460,2026-05-13T05:24:00,P003,2,23.94,GBP
O000423,C00017,2026-03-27T21:12:00,P003,3,25.84,GBP
O000424,C00436,2026-05-08T04:07:00,P001,3,79.33,GBP
O000425,C00209,2026-05-30T18:48:00,P004,3,32.64,GBP
O000426,C00567,2026-01-24T20:08:00,P005,1,89.28,GBP
O000427,C00519,2026-06-21T17:05:00,P003,3,22.53,GBP
O000428,C00729,2026-03-22T06:50:00,P005,3,95.5,GBP
O000429,C00201,2026-04-11T11:33:00,P005,2,92.27,GBP
O000430,C00448,2026-05-14T07:24:00,P005,1,98.01,GBP
O000431,C00788,2026-04-27T23:49:00,P001,2,77.58,GBP
O000432,C00873,2026-01-12T13:57:00,P005,2,88.47,GBP
O000433,C00067,2026-02-02T18:15:00,P001,2,77.07,GBP
O000434,C00567,2026-04-26T00:57:00,P002,3,149.5,GBP
O000435,C00230,2026-04-26T19:25:00,P005,1,94.87,GBP
O000436,C00296,2026-05-27T05:49:00,P003,4,22.91,GBP
O000437,C00106,2026-05-03T08:14:00,P001,4,85.92,GBP
O000438,C00706,2026-02-19T19:19:00,P001,3,85.25,GBP
O000439,C00544,2026-02-25T01:08:00,P004,2,35.4,GBP
O000440,C00882,2026-04-19T17:36:00,P001,2,78.76,GBP
O000441,C00204,2026-05-18T13:28:00,P004,4,33.84,GBP
O000442,C00048,2026-04-13T16:12:00,P004,3,34.09,GBP
O000443,C00578,2026-04-02T15:19:00,P002,3,157.04,GBP
O000444,C00298,2026-01-26T00:06:00,P003,4,27.21,GBP
O000445,C00493,2026-06-18T04:27:00,P003,3,27.38,GBP
O000446,C00041,2026-02-15T11:12:00,P005,1,92.71,GBP
O000447,C00027,2026-06-10T18:27:00,P003,4,26.52,GBP
O000448,C00155,2026-02-24T11:41:00,P004,3,35.02,GBP
O000449,C00804,2026-05-01T21:28:00,P002,1,136.38,GBP
O000450,C00157,2026-03-15T03:53:00,P001,1,84.68,GBP
O000451,C00379,2026-01-16T15:56:00,P003,1,25.39,GBP
O000452,C00416,2026-04-08T00:28:00,P005,4,93.07,GBP
O000453,C00785,2026-06-24T03:54:00,P001,3,77.48,GBP
O000454,C00645,2026-04-08T14:54:00,P001,3,75.69,GBP
O000455,C00018,2026-06-30T09:24:00,P004,3,36.13,GBP
O000456,C00047,2026-01-11T01:24:00,P003,3,24.17,GBP
O000457,C00035,2026-06-14T18:54:00,P005,4,83.47,GBP
O000458,C00024,2026-04-14T19:28:00,P005,4,93.26,GBP
O000459,C00318,2026-06-05T10:30:00,P005,4,85.35,GBP
O000460,C00665,2026-03-31T23:45:00,P005,2,98.01,GBP
O000461,C00808,2026-06-17T13:26:00,P002,4,151.86,GBP
O000462,C00300,2026-05-05T04:46:00,P002,3,144.12,GBP
O000463,C00790,2026-05-11T03:19:00,P004,2,31.76,GBP
O000464,C00242,2026-03-31T02:12:00,P003,2,26.85,GBP
O000465,C00267,2026-03-11T22:04:00,P005,4,92.34,GBP
O000466,C00412,2026-06-29T08:27:00,P005,1,81.62,GBP
O000467,C00748,2026-01-09T08:52:00,P003,1,23.55,GBP
O000468,C00280,2026-06-29T18:46:00,P005,4,95.37,GBP
O000469,C00508,2026-06-11T05:39:00,P003,1,23.01,GBP
O000470,C00704,2026-05-28T12:51:00,P001,1,83.81,GBP
O000471,C00579,2026-05-29T17:08:00,P004,4,32.97,GBP
O000472,C00845,2026-01-04T20:08:00,P005,4,98.42,GBP
O000473,C00993,2026-04-15T18:12:00,P005,1,82.84,GBP
O000474,C00236,2026-06-10T18:37:00,P003,1,24.39,GBP
O000475,C00696,2026-02-16T18:45:00,P001,1,77.83,GBP
O000476,C00391,2026-03-06T11:06:00,P003,4,27.13,GBP
O000477,C00158,2026-04-05T14:59:00,P002,3,138.34,GBP
O000478,C00225,2026-04-18T03:41:00,P002,4,148.23,GBP
O000479,C00405,2026-02-14T05:31:00,P005,4,87.37,GBP
O000480,C00811,2026-06-13T19:56:00,P003,3,24.93,GBP
O000481,C00039,2026-05-23T02:02:00,P005,4,92.65,GBP
O000482,C00123,2026-04-30T07:54:00,P002,3,137.68,GBP
O000483,C00793,2026-05-07T03:12:00,P004,3,31.75,GBP
O000484,C00177,2026-04-08T02:48:00,P003,3,26.66,GBP
O000485,C00459,2026-01-23T14:14:00,P003,3,22.68,GBP
O000486,C00269,2026-01-27T12:37:00,P002,3,147.89,GBP
O000487,C00992,2026-03-30T23:17:00,P005,2,94.31,GBP
O000488,C00614,2026-04-17T20:20:00,P003,3,26.13,GBP
O000489,C00264,2026-01-23T22:31:00,P005,1,95.36,GBP
O000490,C00856,2026-02-26T15:48:00,P005,4,81.79,GBP
O000491,C00849,2026-04-20T04:36:00,P001,2,81.64,GBP
O000492,C00455,2026-03-05T20:16:00,P004,2,38.01,GBP
O000493,C00320,2026-02-14T16:13:00,P004,4,31.51,GBP
O000494,C00289,2026-06-18T23:04:00,P001,3,76.97,GBP
O000495,C00866,2026-03-11T00:06:00,P002,1,148.05,GBP
O000496,C00195,2026-04-01T06:31:00,P003,3,23.27,GBP
O000497,C00350,2026-04-09T02:56:00,P005,4,84.54,GBP
O000498,C00738,2026-02-09T03:00:00,P002,1,150.99,GBP
O000499,C00884,2026-06-26T12:17:00,P003,1,22.85,GBP
O000500,C00590,2026-06-20T12:00:00,P003,3,27.14,GBP
O000501,C00792,2026-02-06T16:25:00,P003,4,22.52,GBP
O000502,C00925,2026-05-19T17:10:00,P001,3,80.16,GBP
O000503,C00663,2026-05-15T05:52:00,P001,4,79.01,GBP
O000504,C00074,2026-02-08T13:21:00,P002,1,141.16,GBP
O000505,C00709,2026-06-19T06:17:00,P005,1,84.8,GBP
O000506,C00751,2026-03-05T05:10:00,P004,4,34.78,GBP
O000507,C00254,2026-03-04T05:16:00,P004,4,32.37,GBP
O000508,C00938,2026-04-20T14:59:00,P003,3,24.66,GBP
O000509,C00934,2026-05-10T17:21:00,P001,3,81.28,GBP
O000510,C00781,2026-04-09T18:20:00,P004,4,35.97,GBP
O000511,C00771,2026-03-17T19:55:00,P002,3,164.26,GBP
O000512,C00275,2026-06-05T20:50:00,P002,2,158.61,GBP
O000513,C00428,2026-05-06T11:49:00,P004,4,32.59,GBP
O000514,C00419,2026-05-10T08:53:00,P005,1,98.34,GBP
O000515,C00932,2026-06-25T11:16:00,P002,4,147.12,GBP
O000516,C00920,2026-04-23T22:03:00,P005,2,84.76,GBP
O000517,C00033,2026-02-18T02:34:00,P004,2,32.35,GBP
O000518,C00896,2026-01-28T16:30:00,P004,3,35.67,GBP
O000519,C00250,2026-03-19T01:24:00,P002,2,151.63,GBP
O000520,C00194,2026-02-21T03:28:00,P003,1,26.47,GBP
O000521,C00525,2026-01-05T03:35:00,P004,1,34.31,GBP
O000522,C00162,2026-03-05T14:27:00,P002,1,151.12,GBP
O000523,C00893,2026-06-02T07:34:00,P005,3,90.5,GBP
O000524,C00978,2026-02-19T02:27:00,P001,2,77.65,GBP
O000525,C00577,2026-05-04T18:34:00,P001,2,77.74,GBP
O000526,C00267,2026-01-23T10:50:00,P005,1,95.45,GBP
O000527,C00690,2026-04-07T14:33:00,P001,2,79.99,GBP
O000528,C00242,2026-04-08T12:03:00,P001,1,76.63,GBP
O000529,C00974,2026-02-06T14:00:00,P002,3,159.28,GBP
O000530,C00884,2026-05-07T18:50:00,P005,3,83.36,GBP
O000531,C00108,2026-06-13T18:46:00,P002,4,161.05,GBP
O000532,C00985,2026-06-14T03:23:00,P002,4,145.11,GBP
O000533,C00129,2026-01-17T02:03:00,P005,1,86.19,GBP
O000534,C00331,2026-05-03T20:56:00,P005,1,89.93,GBP
O000535,C00405,2026-02-04T20:59:00,P005,4,82.15,GBP
O000536,C00658,2026-04-01T06:16:00,P004,4,35.21,GBP
O000537,C00956,2026-04-06T01:41:00,P005,1,84.85,GBP
O000538,C00782,2026-04-11T19:01:00,P002,1,138.4,GBP
O000539,C00454,2026-02-27T16:04:00,P002,4,136.61,GBP
O000540,C00085,2026-03-13T06:44:00,P005,1,81.31,GBP
O000541,C00618,2026-02-09T00:53:00,P001,4,77.45,GBP
O000542,C00182,2026-04-12T01:21:00,P004,2,31.54,GBP
O000543,C00668,2026-03-14T16:48:00,P003,3,25.06,GBP
O000544,C00915,2026-06-17T15:19:00,P005,2,90.41,GBP
O000545,C00065,2026-03-01T05:44:00,P004,1,33.09,GBP
O000546,C00912,2026-03-26T05:56:00,P002,2,152.87,GBP
O000547,C00178,2026-02-04T19:37:00,P004,2,36.18,GBP
O000548,C00988,2026-03-25T08:44:00,P001,2,73.78,GBP
O000549,C00564,2026-06-25T10:05:00,P004,3,36.89,GBP
O000550,C00299,2026-03-02T21:52:00,P001,4,80.08,GBP
O000551,C00807,2026-03-21T12:19:00,P005,1,85.82,GBP
O000552,C00059,2026-05-02T21:28:00,P005,3,84.12,GBP
O000553,C00772,2026-04-20T07:23:00,P004,2,34.37,GBP
O000554,C00490,2026-03-31T12:16:00,P003,3,25.73,GBP
O000555,C00852,2026-03-28T18:34:00,P002,3,151.18,GBP
O000556,C00040,2026-01-04T17:03:00,P004,1,38.27,GBP
O000557,C00750,2026-02-18T03:56:00,P004,1,37.02,GBP
O000558,C00646,2026-01-20T07:44:00,P003,1,27.45,GBP
O000559,C00290,2026-02-19T07:09:00,P002,3,138.29,GBP
O000560,C00690,2026-04-18T19:49:00,P004,1,33.34,GBP
O000561,C00050,2026-01-22T10:39:00,P004,2,31.71,GBP
O000562,C00944,2026-02-23T11:09:00,P002,4,135.21,GBP
O000563,C00171,2026-02-14T13:04:00,P001,2,82.97,GBP
O000564,C00080,2026-04-10T09:25:00,P002,4,157.81,GBP
O000565,C00858,2026-02-28T07:53:00,P001,3,78.06,GBP
O000566,C00054,2026-05-21T05:19:00,P002,1,138.15,GBP
O000567,C00487,2026-01-22T23:35:00,P004,3,32.34,GBP
O000568,C00325,2026-04-30T08:32:00,P001,1,77.34,GBP
O000569,C00619,2026-06-20T21:44:00,P005,1,87.51,GBP
O000570,C00613,2026-01-03T00:11:00,P003,4,24.56,GBP
O000571,C00818,2026-03-01T21:45:00,P003,4,23.28,GBP
O000572,C00232,2026-04-04T20:24:00,P003,4,22.93,GBP
O000573,C00245,2026-04-03T06:12:00,P003,1,23.04,GBP
O000574,C00154,2026-06-30T06:20:00,P005,4,95.09,GBP
O000575,C00491,2026-01-26T01:51:00,P004,4,34.39,GBP
O000576,C00023,2026-02-13T10:03:00,P005,2,84.01,GBP
O000577,C00376,2026-04-25T15:01:00,P004,3,33.5,GBP
O000578,C00594,2026-01-12T12:32:00,P004,3,32.09,GBP
O000579,C00197,2026-02-08T04:23:00,P004,4,37.54,GBP
O000580,C00711,2026-06-23T11:52:00,P002,1,146.8,GBP
O000581,C00324,2026-05-15T15:51:00,P005,1,92.23,GBP
O000582,C00411,2026-05-22T08:30:00,P001,1,79.63,GBP
O000583,C00325,2026-01-30T03:11:00,P001,3,76.12,GBP
O000584,C00119,2026-02-10T09:59:00,P005,3,86.6,GBP
O000585,C00909,2026-03-20T14:12:00,P004,2,33.01,GBP
O000586,C00455,2026-01-20T16:02:00,P003,1,22.95,GBP
O000587,C00699,2026-04-15T13:43:00,P005,3,86.77,GBP
O000588,C00671,2026-01-14T18:31:00,P003,1,24.87,GBP
O000589,C00197,2026-03-07T00:15:00,P001,1,82.38,GBP
O000590,C00956,2026-05-07T13:45:00,P001,4,79.37,GBP
O000591,C00107,2026-02-22T22:11:00,P001,2,73.8,GBP
O000592,C00463,2026-02-24T18:10:00,P002,1,160.7,GBP
O000593,C00466,2026-02-11T01:00:00,P002,4,163.93,GBP
O000594,C00602,2026-04-08T12:12:00,P004,1,33.31,GBP
O000595,C00066,2026-05-26T02:10:00,P003,2,23.94,GBP
O000596,C00800,2026-04-13T01:57:00,P004,2,35.36,GBP
O000597,C00873,2026-03-16T02:33:00,P001,3,78.73,GBP
O000598,C00211,2026-03-11T23:30:00,P002,1,144.08,GBP
O000599,C00857,2026-02-01T08:39:00,P004,3,33.71,GBP
O000600,C00675,2026-04-12T14:53:00,P002,2,143.23,GBP
O000601,C00130,2026-02-28T02:07:00,P004,3,37.75,GBP
O000602,C00130,2026-01-19T02:42:00,P004,3,37.93,GBP
O000603,C00410,2026-01-15T07:39:00,P005,3,95.51,GBP
O000604,C00101,2026-06-10T23:57:00,P003,2,25.56,GBP
O000605,C00286,2026-06-26T14:25:00,P004,1,33.72,GBP
O000606,C00866,2026-05-07T09:47:00,P004,2,33.29,GBP
O000607,C00780,2026-03-01T03:21:00,P004,3,36.75,GBP
O000608,C00595,2026-03-22T00:19:00,P004,3,31.73,GBP
O000609,C00662,2026-03-15T03:31:00,P001,2,83.05,GBP
O000610,C00488,2026-06-17T03:33:00,P002,3,154.25,GBP
O000611,C00657,2026-04-19T08:15:00,P001,1,84.1,GBP
O000612,C00970,2026-05-08T18:32:00,P005,1,96.25,GBP
O000613,C00655,2026-05-04T18:16:00,P004,3,35.53,GBP
O000614,C00464,2026-04-07T01:49:00,P001,2,80.91,GBP
O000615,C00015,2026-03-12T03:38:00,P003,3,25.66,GBP
O000616,C00655,2026-03-14T16:40:00,P003,2,26.68,GBP
O000617,C00244,2026-03-10T23:57:00,P002,4,146.12,GBP
O000618,C00255,2026-04-21T20:34:00,P004,4,31.73,GBP
O000619,C00515,2026-04-03T05:19:00,P003,1,26.67,GBP
O000620,C00682,2026-06-29T16:30:00,P003,1,22.73,GBP
O000621,C00815,2026-05-25T07:18:00,P004,1,31.62,GBP
O000622,C00531,2026-03-25T21:12:00,P004,4,35.39,GBP
O000623,C00276,2026-06-14T00:36:00,P005,1,87.44,GBP
O000624,C00336,2026-06-18T12:05:00,P001,4,81.57,GBP
O000625,C00944,2026-05-27T05:13:00,P005,3,82.2,GBP
O000626,C00458,2026-02-09T13:19:00,P004,4,35.03,GBP
O000627,C00970,2026-02-22T20:41:00,P005,2,92.42,GBP
O000628,C00295,2026-01-20T14:32:00,P001,3,73.44,GBP
O000629,C00883,2026-03-10T01:12:00,P004,4,32.73,GBP
O000630,C00526,2026-06-15T20:52:00,P001,1,80.16,GBP
O000631,C00404,2026-05-09T06:52:00,P001,2,84.18,GBP
O000632,C00984,2026-06-20T04:01:00,P004,3,38.04,GBP
O000633,C00618,2026-02-05T18:55:00,P002,2,158.34,GBP
O000634,C00215,2026-03-03T02:46:00,P002,4,144.87,GBP
O000635,C00511,2026-02-05T11:49:00,P001,2,85.18,GBP
O000636,C00532,2026-03-30T14:38:00,P001,4,78.78,GBP
O000637,C00717,2026-01-30T08:54:00,P001,2,75.02,GBP
O000638,C00509,2026-06-17T16:52:00,P002,3,139.31,GBP
O000639,C00667,2026-05-06T07:56:00,P004,2,37.53,GBP
O000640,C00930,2026-01-26T23:04:00,P003,1,26.1,GBP
O000641,C00624,2026-03-06T06:19:00,P001,2,79.02,GBP
O000642,C00918,2026-05-04T08:54:00,P001,4,77.9,GBP
O000643,C00068,2026-06-08T21:02:00,P003,1,23.21,GBP
O000644,C00881,2026-06-19T11:14:00,P005,3,83.44,GBP
O000645,C00232,2026-06-14T00:04:00,P005,4,87.54,GBP
O000646,C00507,2026-06-05T20:42:00,P002,2,146.85,GBP
O000647,C00501,2026-02-23T15:42:00,P005,2,87.26,GBP
O000648,C00228,2026-05-14T21:23:00,P001,1,78.75,GBP
O000649,C00131,2026-05-30T05:04:00,P001,1,75.82,GBP
O000650,C00105,2026-06-18T21:43:00,P001,2,75.82,GBP
O000651,C00052,2026-01-28T01:00:00,P004,3,33.79,GBP
O000652,C00969,2026-06-23T01:30:00,P002,4,161.04,GBP
O000653,C00998,2026-05-28T09:31:00,P005,3,95.97,GBP
O000654,C00729,2026-01-27T05:49:00,P002,2,139.17,GBP
O000655,C00186,2026-02-28T05:48:00,P001,2,80.91,GBP
O000656,C00537,2026-03-24T16:11:00,P001,3,87.05,GBP
O000657,C00213,2026-05-30T03:34:00,P002,3,149.39,GBP
O000658,C00576,2026-04-23T17:43:00,P002,2,149.38,GBP
O000659,C00127,2026-02-27T03:48:00,P004,2,37.2,GBP
O000660,C00144,2026-04-07T22:10:00,P001,2,80.24,GBP
O000661,C00458,2026-01-18T12:42:00,P001,1,81.98,GBP
O000662,C00948,2026-04-25T18:32:00,P003,2,23.84,GBP
O000663,C00554,2026-01-01T06:44:00,P004,4,35.96,GBP
O000664,C00910,2026-03-01T18:33:00,P001,2,73.52,GBP
O000665,C00457,2026-01-16T22:54:00,P003,4,25.36,GBP
O000666,C00174,2026-03-20T12:30:00,P003,4,24.03,GBP
O000667,C00877,2026-05-05T00:31:00,P001,2,77.12,GBP
O000668,C00941,2026-04-02T10:59:00,P005,2,90.33,GBP
O000669,C00940,2026-03-09T18:50:00,P001,1,82.66,GBP
O000670,C00684,2026-05-23T06:06:00,P005,2,92.72,GBP
O000671,C00530,2026-03-24T01:58:00,P002,3,156.86,GBP
O000672,C00504,2026-05-04T20:11:00,P005,3,94.74,GBP
O000673,C00528,2026-05-05T12:05:00,P002,3,148.92,GBP
O000674,C00437,2026-03-17T03:25:00,P003,2,26.91,GBP
O000675,C00222,2026-01-09T15:13:00,P001,4,78.09,GBP
O000676,C00698,2026-05-07T02:04:00,P004,2,32.98,GBP
O000677,C00093,2026-01-26T19:33:00,P001,1,83.49,GBP
O000678,C00107,2026-06-01T11:20:00,P003,1,26.21,GBP
O000679,C00610,2026-03-04T16:43:00,P002,2,156.78,GBP
O000680,C00262,2026-06-25T01:56:00,P002,1,149.62,GBP
O000681,C00996,2026-04-30T00:17:00,P002,2,149.56,GBP
O000682,C00029,2026-04-17T03:19:00,P005,1,91.44,GBP
O000683,C00918,2026-01-04T09:47:00,P003,1,25.08,GBP
O000684,C00489,2026-02-06T03:17:00,P004,3,32.77,GBP
O000685,C00460,2026-06-27T10:11:00,P002,3,143.95,GBP
O000686,C00955,2026-05-03T08:19:00,P002,3,145.8,GBP
O000687,C00063,2026-04-19T11:12:00,P002,1,152.26,GBP
O000688,C00344,2026-02-26T13:07:00,P004,1,35.86,GBP
O000689,C00133,2026-01-07T15:22:00,P002,1,162.18,GBP
O000690,C00637,2026-03-30T16:16:00,P005,1,95.62,GBP
O000691,C00868,2026-03-01T10:42:00,P003,1,22.55,GBP
O000692,C00583,2026-06-04T14:08:00,P005,3,96.46,GBP
O000693,C00285,2026-03-24T14:51:00,P003,4,27.25,GBP
O000694,C00762,2026-06-28T18:23:00,P001,4,85.18,GBP
O000695,C00270,2026-03-17T06:19:00,P001,3,87.5,GBP
O000696,C00057,2026-06-12T12:20:00,P001,3,87.57,GBP
O000697,C00946,2026-06-26T22:43:00,P003,3,24.59,GBP
O000698,C00010,2026-05-25T05:56:00,P001,4,73.86,GBP
O000699,C00662,2026-05-08T10:47:00,P005,2,94.24,GBP
O000700,C00037,2026-01-07T02:26:00,P002,1,161.52,GBP
O000701,C00311,2026-01-09T11:54:00,P005,4,81.93,GBP
O000702,C00020,2026-05-27T02:27:00,P003,3,26.41,GBP
O000703,C00977,2026-04-21T12:15:00,P003,1,25.09,GBP
O000704,C01000,2026-01-13T00:27:00,P001,1,86.22,GBP
O000705,C00024,2026-03-16T14:04:00,P003,3,26.74,GBP
O000706,C00639,2026-04-29T13:08:00,P005,3,95.24,GBP
O000707,C00750,2026-05-18T15:02:00,P003,4,23.34,GBP
O000708,C00020,2026-03-14T18:49:00,P005,3,91.88,GBP
O000709,C00406,2026-04-19T04:35:00,P003,1,24.71,GBP
O000710,C00086,2026-02-19T18:06:00,P001,3,83.14,GBP
O000711,C00757,2026-01-21T03:02:00,P005,1,83.01,GBP
O000712,C00812,2026-04-09T12:02:00,P002,3,155.43,GBP
O000713,C00062,2026-05-23T23:02:00,P001,3,77.88,GBP
O000714,C00617,2026-01-06T10:31:00,P002,1,138.26,GBP
O000715,C00450,2026-01-19T16:58:00,P003,4,22.85,GBP
O000716,C00701,2026-03-12T16:25:00,P004,4,37.49,GBP
O000717,C00900,2026-02-18T03:27:00,P001,2,83.04,GBP
O000718,C00796,2026-02-10T23:54:00,P002,4,138.64,GBP
O000719,C00412,2026-05-01T01:58:00,P002,4,145.86,GBP
O000720,C00103,2026-04-16T17:24:00,P003,3,27.09,GBP
O000721,C00389,2026-06-01T14:18:00,P003,2,24.32,GBP
O000722,C00258,2026-06-24T10:31:00,P001,2,87.05,GBP
O000723,C00190,2026-05-11T02:17:00,P001,2,85.69,GBP
O000724,C00885,2026-04-24T21:35:00,P002,3,143.15,GBP
O000725,C00786,2026-05-07T20:19:00,P002,4,158.42,GBP
O000726,C00767,2026-03-25T19:36:00,P001,3,83.47,GBP
O000727,C00938,2026-03-18T18:05:00,P005,1,98.85,GBP
O000728,C00911,2026-01-02T19:36:00,P003,3,24.41,GBP
O000729,C00919,2026-04-14T08:00:00,P005,3,83.77,GBP
O000730,C00574,2026-05-09T16:52:00,P005,4,81.32,GBP
O000731,C00770,2026-03-04T16:19:00,P004,4,36.15,GBP
O000732,C00429,2026-03-07T19:31:00,P004,4,37.97,GBP
O000733,C00544,2026-01-12T10:58:00,P002,2,143.22,GBP
O000734,C00360,2026-01-29T19:12:00,P001,4,85.67,GBP
O000735,C00126,2026-04-19T04:19:00,P005,3,91.28,GBP
O000736,C00453,2026-04-22T15:37:00,P004,4,34.47,GBP
O000737,C00772,2026-01-15T23:37:00,P005,1,82.46,GBP
O000738,C00616,2026-02-18T12:27:00,P002,3,146.41,GBP
O000739,C00130,2026-03-29T19:41:00,P005,4,84.78,GBP
O000740,C00446,2026-05-29T16:56:00,P001,3,80.49,GBP
O000741,C00431,2026-04-25T10:52:00,P005,3,83.09,GBP
O000742,C00867,2026-06-17T14:53:00,P002,4,158.88,GBP
O000743,C00497,2026-01-12T22:34:00,P003,4,26.77,GBP
O000744,C00489,2026-05-04T03:47:00,P003,4,22.66,GBP
O000745,C00867,2026-04-30T01:53:00,P002,1,164.07,GBP
O000746,C00714,2026-01-22T12:17:00,P003,3,27.3,GBP
O000747,C00633,2026-03-14T01:13:00,P005,3,93.45,GBP
O000748,C00470,2026-03-24T04:30:00,P003,2,24.44,GBP
O000749,C00503,2026-03-08T09:07:00,P005,3,85.83,GBP
O000750,C00751,2026-03-28T22:50:00,P004,4,34.22,GBP
O000751,C00216,2026-03-03T11:32:00,P003,1,27.35,GBP
O000752,C00726,2026-03-27T00:54:00,P005,2,97.16,GBP
O000753,C00800,2026-01-03T23:24:00,P004,4,32.61,GBP
O000754,C00134,2026-05-16T21:20:00,P002,3,149.23,GBP
O000755,C00689,2026-05-10T18:59:00,P004,3,31.91,GBP
O000756,C00862,2026-02-10T22:01:00,P004,1,37.21,GBP
O000757,C00241,2026-04-15T14:27:00,P005,2,90.72,GBP
O000758,C00797,2026-04-29T14:51:00,P003,2,23.81,GBP
O000759,C00657,2026-06-03T09:44:00,P002,1,155.75,GBP
O000760,C00058,2026-05-04T20:35:00,P004,4,37.1,GBP
O000761,C00364,2026-02-27T16:19:00,P004,4,37.58,GBP
O000762,C00698,2026-05-15T08:44:00,P002,1,143.34,GBP
O000763,C00431,2026-03-15T19:15:00,P001,4,81.37,GBP
O000764,C00198,2026-06-24T14:37:00,P005,4,87.0,GBP
O000765,C00823,2026-02-14T11:42:00,P005,1,84.16,GBP
O000766,C00102,2026-04-10T20:41:00,P001,4,77.57,GBP
O000767,C00543,2026-01-16T16:23:00,P005,2,90.16,GBP
O000768,C00055,2026-05-03T22:51:00,P001,1,72.33,GBP
O000769,C00202,2026-02-25T10:30:00,P005,2,81.32,GBP
O000770,C00970,2026-05-03T10:13:00,P002,4,140.33,GBP
O000771,C00588,2026-02-14T09:30:00,P005,1,86.06,GBP
O000772,C00093,2026-06-28T12:56:00,P005,1,92.49,GBP
O000773,C00121,2026-06-15T23:41:00,P002,3,152.16,GBP
O000774,C00431,2026-03-09T01:20:00,P002,1,137.04,GBP
O000775,C00556,2026-02-09T18:53:00,P004,1,38.44,GBP
O000776,C00270,2026-04-22T12:11:00,P005,1,87.27,GBP
O000777,C00670,2026-02-07T00:56:00,P002,1,159.78,GBP
O000778,C00377,2026-06-04T13:08:00,P004,3,36.25,GBP
O000779,C00158,2026-02-25T19:35:00,P003,2,26.62,GBP
O000780,C00739,2026-05-04T12:11:00,P003,3,26.92,GBP
O000781,C00395,2026-03-04T16:10:00,P004,3,33.18,GBP
O000782,C00055,2026-03-04T00:19:00,P002,4,161.22,GBP
O000783,C00810,2026-02-04T23:20:00,P001,2,87.92,GBP
O000784,C00834,2026-01-20T13:41:00,P002,3,145.72,GBP
O000785,C00361,2026-02-20T05:23:00,P004,2,34.59,GBP
O000786,C00285,2026-06-17T21:37:00,P003,2,25.87,GBP
O000787,C00708,2026-04-30T04:54:00,P004,4,38.17,GBP
O000788,C00781,2026-05-05T20:06:00,P002,3,157.0,GBP
O000789,C00882,2026-06-02T02:42:00,P002,4,160.64,GBP
O000790,C00454,2026-02-12T17:17:00,P004,4,34.85,GBP
O000791,C00808,2026-05-18T13:05:00,P005,3,82.49,GBP
O000792,C00019,2026-04-24T12:57:00,P002,4,152.89,GBP
O000793,C00322,2026-02-16T09:36:00,P001,4,83.89,GBP
O000794,C00226,2026-01-20T22:43:00,P005,1,81.89,GBP
O000795,C00293,2026-01-06T09:00:00,P001,1,83.26,GBP
O000796,C00472,2026-01-27T19:20:00,P001,3,74.15,GBP
O000797,C00256,2026-06-26T08:28:00,P004,2,31.88,GBP
O000798,C00433,2026-04-04T14:56:00,P005,3,97.61,GBP
O000799,C00636,2026-04-12T07:34:00,P003,1,24.08,GBP
O000800,C00597,2026-02-23T12:37:00,P002,1,162.07,GBP
O000801,C00032,2026-01-30T11:02:00,P005,4,86.43,GBP
O000802,C00454,2026-02-27T03:07:00,P002,1,149.3,GBP
O000803,C00742,2026-06-28T02:14:00,P004,2,33.42,GBP
O000804,C00095,2026-04-26T12:16:00,P004,4,38.15,GBP
O000805,C00239,2026-01-02T06:18:00,P001,4,83.28,GBP
O000806,C00219,2026-04-27T07:16:00,P002,4,160.0,GBP
O000807,C00831,2026-06-12T22:29:00,P001,1,73.33,GBP
O000808,C00101,2026-06-19T09:52:00,P005,2,84.08,GBP
O000809,C00079,2026-05-22T21:02:00,P002,2,162.57,GBP
O000810,C00973,2026-06-23T08:54:00,P001,4,87.71,GBP
O000811,C00080,2026-02-23T17:53:00,P004,4,33.83,GBP
O000812,C00949,2026-04-14T01:48:00,P002,3,162.46,GBP
O000813,C00876,2026-01-22T09:14:00,P002,1,145.23,GBP
O000814,C00855,2026-03-12T16:04:00,P001,1,73.02,GBP
O000815,C00806,2026-01-09T10:20:00,P003,3,22.75,GBP
O000816,C00765,2026-03-04T02:23:00,P001,3,81.14,GBP
O000817,C00626,2026-06-10T13:52:00,P001,2,85.28,GBP
O000818,C00494,2026-04-14T20:29:00,P002,3,158.95,GBP
O000819,C00816,2026-05-07T16:32:00,P005,1,88.86,GBP
O000820,C00868,2026-03-25T08:45:00,P005,3,96.16,GBP
O000821,C00386,2026-02-08T10:48:00,P004,3,33.94,GBP
O000822,C00174,2026-02-15T10:34:00,P004,1,37.54,GBP
O000823,C00397,2026-06-01T08:59:00,P005,1,88.46,GBP
O000824,C00800,2026-05-06T11:31:00,P003,2,26.89,GBP
O000825,C00511,2026-05-08T03:43:00,P001,1,76.79,GBP
O000826,C00392,2026-01-15T12:35:00,P005,1,81.37,GBP
O000827,C00582,2026-05-08T22:54:00,P003,4,24.26,GBP
O000828,C00044,2026-05-23T05:48:00,P004,4,34.93,GBP
O000829,C00871,2026-03-25T01:35:00,P003,3,23.84,GBP
O000830,C00094,2026-03-18T09:31:00,P002,3,153.71,GBP
O000831,C00785,2026-02-07T13:48:00,P004,1,37.03,GBP
O000832,C00543,2026-05-18T02:04:00,P003,1,26.73,GBP
O000833,C00337,2026-02-01T07:45:00,P004,4,36.17,GBP
O000834,C00790,2026-02-15T14:01:00,P005,4,85.53,GBP
O000835,C00045,2026-03-17T04:52:00,P003,1,22.8,GBP
O000836,C00302,2026-02-08T00:11:00,P004,1,38.32,GBP
O000837,C00450,2026-06-17T00:21:00,P001,1,78.86,GBP
O000838,C00924,2026-03-09T07:30:00,P004,4,34.01,GBP
O000839,C00158,2026-06-21T07:42:00,P005,4,94.46,GBP
O000840,C00401,2026-04-16T03:34:00,P001,1,77.0,GBP
O000841,C00887,2026-04-28T02:51:00,P003,4,22.68,GBP
O000842,C00443,2026-01-04T02:44:00,P004,1,33.93,GBP
O000843,C00728,2026-05-18T00:12:00,P001,4,86.38,GBP
O000844,C00567,2026-03-06T06:06:00,P005,3,86.1,GBP
O000845,C00372,2026-04-27T14:54:00,P001,4,80.46,GBP
O000846,C00944,2026-05-04T16:27:00,P001,4,78.93,GBP
O000847,C00135,2026-06-26T03:09:00,P005,2,94.06,GBP
O000848,C00567,2026-03-01T10:13:00,P005,3,96.54,GBP
O000849,C00211,2026-01-03T21:40:00,P005,1,95.31,GBP
O000850,C00372,2026-02-10T15:26:00,P002,4,157.35,GBP
O000851,C00548,2026-02-26T06:41:00,P004,4,38.17,GBP
O000852,C00934,2026-03-13T23:29:00,P001,1,86.31,GBP
O000853,C00175,2026-06-25T01:32:00,P003,3,25.45,GBP
O000854,C00828,2026-03-15T23:29:00,P004,4,35.89,GBP
O000855,C00606,2026-05-17T18:24:00,P001,2,73.44,GBP
O000856,C00351,2026-04-14T04:24:00,P001,4,80.5,GBP
O000857,C00099,2026-01-04T19:05:00,P005,3,81.68,GBP
O000858,C00503,2026-06-18T01:18:00,P001,2,85.59,GBP
O000859,C00735,2026-01-13T22:18:00,P004,4,36.52,GBP
O000860,C00064,2026-02-27T12:41:00,P003,1,25.59,GBP
O000861,C00326,2026-02-01T13:21:00,P004,1,37.78,GBP
O000862,C00447,2026-06-30T14:06:00,P002,4,164.47,GBP
O000863,C00897,2026-03-30T18:29:00,P004,2,37.95,GBP
O000864,C00396,2026-01-14T04:31:00,P003,4,23.71,GBP
O000865,C00526,2026-05-05T06:25:00,P002,2,159.27,GBP
O000866,C00183,2026-03-25T09:25:00,P003,1,22.72,GBP
O000867,C00397,2026-06-07T09:09:00,P001,4,81.79,GBP
O000868,C00840,2026-02-22T22:10:00,P005,1,89.95,GBP
O000869,C00837,2026-05-18T06:49:00,P003,1,26.95,GBP
O000870,C00053,2026-06-13T00:09:00,P004,3,34.22,GBP
O000871,C00528,2026-03-15T08:13:00,P005,1,85.16,GBP
O000872,C00775,2026-01-02T09:26:00,P004,3,31.92,GBP
O000873,C00857,2026-06-16T14:08:00,P001,4,83.33,GBP
O000874,C00909,2026-01-10T13:06:00,P003,2,25.32,GBP
O000875,C00482,2026-04-06T21:17:00,P001,4,76.54,GBP
O000876,C00905,2026-06-06T01:44:00,P003,2,26.23,GBP
O000877,C00060,2026-03-09T16:02:00,P001,1,74.01,GBP
O000878,C00164,2026-04-27T14:31:00,P003,2,24.33,GBP
O000879,C00005,2026-06-25T01:37:00,P003,1,27.09,GBP
O000880,C00919,2026-01-31T21:16:00,P005,3,97.69,GBP
O000881,C00938,2026-05-06T11:12:00,P003,1,24.9,GBP
O000882,C00555,2026-03-14T06:08:00,P004,4,33.64,GBP
O000883,C00164,2026-05-11T05:37:00,P005,1,86.85,GBP
O000884,C00456,2026-02-11T11:45:00,P003,1,23.61,GBP
O000885,C00380,2026-06-27T04:46:00,P005,3,87.48,GBP
O000886,C00863,2026-04-05T01:54:00,P001,2,75.01,GBP
O000887,C00259,2026-04-30T02:45:00,P001,4,84.81,GBP
O000888,C00689,2026-03-30T00:27:00,P003,1,23.1,GBP
O000889,C00899,2026-05-16T21:40:00,P003,1,22.93,GBP
O000890,C00368,2026-01-24T09:52:00,P001,1,74.03,GBP
O000891,C00505,2026-03-08T21:34:00,P001,3,87.63,GBP
O000892,C00070,2026-03-26T14:36:00,P005,2,91.86,GBP
O000893,C00222,2026-02-09T16:08:00,P004,2,36.39,GBP
O000894,C00804,2026-04-08T19:10:00,P005,3,97.07,GBP
O000895,C00459,2026-02-27T17:26:00,P004,2,37.35,GBP
O000896,C00044,2026-05-26T05:08:00,P003,2,23.38,GBP
O000897,C00618,2026-01-13T12:48:00,P001,2,77.86,GBP
O000898,C00422,2026-01-12T14:58:00,P001,1,74.37,GBP
O000899,C00209,2026-05-03T07:00:00,P005,1,96.21,GBP
O000900,C00141,2026-06-15T10:40:00,P005,1,98.78,GBP
O000901,C00582,2026-02-26T14:41:00,P004,2,35.54,GBP
O000902,C00442,2026-03-18T07:05:00,P004,2,33.94,GBP
O000903,C00087,2026-06-18T10:27:00,P003,3,25.95,GBP
O000904,C00382,2026-04-18T18:50:00,P001,3,77.88,GBP
O000905,C00112,2026-03-17T13:01:00,P002,1,158.68,GBP
O000906,C00547,2026-04-25T21:04:00,P005,4,91.41,GBP
O000907,C00800,2026-02-28T08:11:00,P001,1,74.05,GBP
O000908,C00288,2026-02-09T07:10:00,P002,2,159.38,GBP
O000909,C00107,2026-06-19T19:27:00,P004,2,31.52,GBP
O000910,C00333,2026-01-07T20:50:00,P002,3,149.86,GBP
O000911,C00006,2026-01-07T10:35:00,P002,4,158.23,GBP
O000912,C00952,2026-04-08T14:38:00,P005,1,86.45,GBP
O000913,C00832,2026-05-08T22:15:00,P002,2,146.65,GBP
O000914,C00476,2026-03-22T16:16:00,P005,4,91.9,GBP
O000915,C00208,2026-04-16T17:11:00,P001,4,77.7,GBP
O000916,C00199,2026-05-16T01:58:00,P005,2,94.93,GBP
O000917,C00207,2026-02-18T01:28:00,P005,1,89.28,GBP
O000918,C00624,2026-05-29T18:30:00,P002,4,143.83,GBP
O000919,C00052,2026-06-11T23:27:00,P004,4,34.02,GBP
O000920,C00142,2026-01-27T00:06:00,P005,4,90.12,GBP
O000921,C00860,2026-02-18T13:46:00,P004,2,35.18,GBP
O000922,C00518,2026-06-16T22:11:00,P001,4,86.06,GBP
O000923,C00012,2026-01-04T12:54:00,P004,1,37.46,GBP
O000924,C00897,2026-02-10T16:36:00,P005,2,81.84,GBP
O000925,C00379,2026-02-13T18:34:00,P003,1,24.38,GBP
O000926,C00433,2026-05-20T02:33:00,P004,2,35.67,GBP
O000927,C00647,2026-03-15T03:26:00,P005,4,91.96,GBP
O000928,C00620,2026-04-24T00:17:00,P002,1,138.69,GBP
O000929,C00544,2026-02-24T09:01:00,P005,3,94.04,GBP
O000930,C00907,2026-03-08T08:47:00,P005,1,98.74,GBP
O000931,C00967,2026-03-11T18:13:00,P002,4,140.76,GBP
O000932,C00922,2026-03-23T18:24:00,P004,4,37.91,GBP
O000933,C00938,2026-06-12T04:37:00,P004,1,31.91,GBP
O000934,C00222,2026-01-18T22:52:00,P005,4,93.37,GBP
O000935,C00721,2026-04-19T14:09:00,P003,4,22.77,GBP
O000936,C00651,2026-06-25T10:21:00,P002,4,154.2,GBP
O000937,C00743,2026-05-23T00:17:00,P002,2,148.34,GBP
O000938,C00945,2026-06-14T11:24:00,P002,2,148.15,GBP
O000939,C00429,2026-05-15T18:00:00,P004,1,31.65,GBP
O000940,C00342,2026-03-23T16:36:00,P005,1,98.1,GBP
O000941,C00241,2026-06-11T15:00:00,P002,3,156.42,GBP
O000942,C00839,2026-02-12T04:04:00,P004,4,36.17,GBP
O000943,C00141,2026-03-11T16:24:00,P005,3,91.83,GBP
O000944,C00253,2026-02-20T03:47:00,P004,2,38.32,GBP
O000945,C00461,2026-02-27T01:19:00,P003,4,25.74,GBP
O000946,C00419,2026-04-22T04:36:00,P001,1,80.44,GBP
O000947,C00944,2026-04-23T17:46:00,P003,4,26.06,GBP
O000948,C00260,2026-01-04T03:55:00,P003,3,24.7,GBP
O000949,C00417,2026-04-09T04:44:00,P001,4,81.59,GBP
O000950,C00524,2026-06-19T10:48:00,P004,2,33.89,GBP
O000951,C00324,2026-03-29T22:39:00,P003,3,23.24,GBP
O000952,C00576,2026-04-19T13:43:00,P004,2,32.71,GBP
O000953,C00587,2026-06-05T01:52:00,P004,4,32.62,GBP
O000954,C00484,2026-06-07T09:15:00,P001,1,78.93,GBP
O000955,C00102,2026-03-22T08:52:00,P001,2,75.63,GBP
O000956,C00449,2026-03-01T19:00:00,P004,2,36.19,GBP
O000957,C00243,2026-06-07T04:36:00,P002,4,160.02,GBP
O000958,C00142,2026-02-09T12:13:00,P003,4,24.61,GBP
O000959,C00192,2026-05-25T14:04:00,P004,1,38.37,GBP
O000960,C00233,2026-04-03T13:42:00,P003,1,24.98,GBP
O000961,C00573,2026-03-21T06:51:00,P004,1,36.05,GBP
O000962,C00723,2026-03-20T19:47:00,P002,4,147.3,GBP
O000963,C00238,2026-06-10T12:28:00,P001,1,82.35,GBP
O000964,C00054,2026-01-20T05:04:00,P004,3,34.38,GBP
O000965,C00876,2026-04-10T21:43:00,P001,4,81.36,GBP
O000966,C00078,2026-03-14T20:38:00,P001,1,81.05,GBP
O000967,C00007,2026-01-13T20:23:00,P001,3,78.87,GBP
O000968,C00855,2026-06-20T20:14:00,P003,3,24.03,GBP
O000969,C00958,2026-03-05T01:19:00,P001,3,73.53,GBP
O000970,C00875,2026-04-13T04:26:00,P004,2,36.58,GBP
O000971,C00824,2026-01-02T22:04:00,P003,2,23.4,GBP
O000972,C00349,2026-06-20T23:01:00,P005,4,91.26,GBP
O000973,C00703,2026-02-20T01:55:00,P004,2,36.91,GBP
O000974,C00162,2026-01-28T14:03:00,P004,4,34.1,GBP
O000975,C00584,2026-01-28T01:33:00,P004,4,31.9,GBP
O000976,C00770,2026-01-17T04:01:00,P004,3,32.14,GBP
O000977,C00001,2026-06-13T05:00:00,P003,1,22.66,GBP
O000978,C00417,2026-03-11T06:00:00,P002,4,164.35,GBP
O000979,C00930,2026-03-07T08:22:00,P003,3,26.65,GBP
O000980,C00782,2026-06-21T14:07:00,P003,4,23.19,GBP
O000981,C00690,2026-06-25T12:09:00,P001,2,85.55,GBP
O000982,C00292,2026-05-08T16:44:00,P003,4,22.89,GBP
O000983,C00016,2026-02-10T17:21:00,P003,3,26.0,GBP
O000984,C00197,2026-05-21T18:20:00,P004,4,33.89,GBP
O000985,C00946,2026-03-23T19:14:00,P002,1,136.77,GBP
O000986,C00690,2026-03-30T11:01:00,P002,2,163.86,GBP
O000987,C00782,2026-02-28T01:41:00,P001,3,78.38,GBP
O000988,C00747,2026-03-01T00:41:00,P002,2,153.81,GBP
O000989,C00618,2026-05-07T15:37:00,P003,3,23.96,GBP
O000990,C00233,2026-02-28T04:57:00,P005,3,93.63,GBP
O000991,C00696,2026-04-27T17:55:00,P004,4,38.13,GBP
O000992,C00710,2026-06-14T09:38:00,P001,4,76.71,GBP
O000993,C00966,2026-04-27T04:25:00,P003,4,25.67,GBP
O000994,C00737,2026-03-12T21:10:00,P004,2,32.54,GBP
O000995,C00678,2026-03-17T03:30:00,P005,4,95.3,GBP
O000996,C00462,2026-06-10T22:29:00,P001,4,72.34,GBP
O000997,C00573,2026-03-16T09:57:00,P002,2,153.4,GBP
O000998,C00593,2026-05-26T08:27:00,P001,3,78.06,GBP
O000999,C00135,2026-02-01T04:23:00,P005,3,83.27,GBP
O001000,C00519,2026-03-31T20:37:00,P004,1,38.28,GBP
O001001,C00991,2026-02-16T09:42:00,P005,1,91.65,GBP
O001002,C00351,2026-06-14T12:24:00,P004,1,35.44,GBP
O001003,C00371,2026-05-16T08:54:00,P002,3,142.93,GBP
O001004,C00914,2026-04-07T11:57:00,P001,2,82.4,GBP
O001005,C00294,2026-02-22T09:03:00,P003,4,22.77,GBP
O001006,C00709,2026-01-07T17:32:00,P001,2,78.62,GBP
O001007,C00073,2026-03-03T20:10:00,P003,3,25.54,GBP
O001008,C00245,2026-03-24T15:21:00,P005,3,94.48,GBP
O001009,C00878,2026-03-25T21:08:00,P001,2,83.87,GBP
O001010,C00708,2026-02-01T05:19:00,P005,1,83.93,GBP
O001011,C00814,2026-01-19T06:13:00,P004,2,33.65,GBP
O001012,C00097,2026-06-18T17:26:00,P001,3,77.1,GBP
O001013,C00787,2026-05-07T18:53:00,P005,4,91.5,GBP
O001014,C00651,2026-04-27T01:46:00,P004,1,31.9,GBP
O001015,C00455,2026-01-07T21:13:00,P003,1,27.22,GBP
O001016,C00654,2026-04-13T04:26:00,P004,2,36.17,GBP
O001017,C00455,2026-04-14T06:07:00,P003,2,26.06,GBP
O001018,C00134,2026-04-20T11:25:00,P004,4,32.56,GBP
O001019,C00621,2026-05-15T01:47:00,P003,1,26.18,GBP
O001020,C00493,2026-05-12T21:12:00,P002,4,148.22,GBP
O001021,C00507,2026-06-19T11:13:00,P002,2,156.0,GBP
O001022,C00636,2026-05-31T21:13:00,P004,2,37.34,GBP
O001023,C00399,2026-05-25T03:42:00,P005,3,86.4,GBP
O001024,C00275,2026-01-28T23:10:00,P005,2,90.81,GBP
O001025,C00520,2026-04-03T15:26:00,P005,2,83.76,GBP
O001026,C00410,2026-02-07T20:38:00,P001,3,73.6,GBP
O001027,C00108,2026-03-22T20:35:00,P005,4,86.64,GBP
O001028,C00951,2026-03-14T15:14:00,P005,4,95.95,GBP
O001029,C00981,2026-01-26T12:19:00,P003,2,26.16,GBP
O001030,C00985,2026-02-22T02:24:00,P004,2,35.51,GBP
O001031,C00073,2026-06-20T07:16:00,P003,3,26.58,GBP
O001032,C00919,2026-04-09T02:10:00,P005,1,95.96,GBP
O001033,C00880,2026-04-29T12:57:00,P003,2,25.64,GBP
O001034,C00116,2026-01-06T00:41:00,P001,4,74.74,GBP
O001035,C00316,2026-06-19T20:50:00,P005,4,87.41,GBP
O001036,C00058,2026-01-02T11:58:00,P001,3,82.17,GBP
O001037,C00233,2026-05-12T22:14:00,P001,4,85.98,GBP
O001038,C00198,2026-01-25T20:57:00,P001,2,77.28,GBP
O001039,C00909,2026-05-07T13:04:00,P005,4,84.74,GBP
O001040,C00649,2026-05-28T23:20:00,P002,4,156.26,GBP
O001041,C00294,2026-06-22T13:08:00,P002,4,140.36,GBP
O001042,C00325,2026-02-19T03:01:00,P001,3,83.94,GBP
O001043,C00168,2026-06-21T08:52:00,P002,2,151.16,GBP
O001044,C00880,2026-06-18T00:53:00,P004,2,33.77,GBP
O001045,C00751,2026-01-25T10:35:00,P003,3,23.75,GBP
O001046,C00829,2026-01-30T20:15:00,P005,3,87.75,GBP
O001047,C00324,2026-06-23T19:36:00,P004,3,32.72,GBP
O001048,C00686,2026-02-21T18:52:00,P003,2,22.52,GBP
O001049,C00786,2026-05-07T15:14:00,P001,4,85.49,GBP
O001050,C00875,2026-02-28T22:43:00,P004,1,35.19,GBP
O001051,C00663,2026-04-24T02:00:00,P003,2,25.86,GBP
O001052,C00358,2026-01-23T22:03:00,P001,2,84.63,GBP
O001053,C00092,2026-06-17T18:08:00,P004,1,34.66,GBP
O001054,C00489,2026-04-01T19:45:00,P001,3,76.37,GBP
O001055,C00425,2026-04-20T02:38:00,P005,4,88.34,GBP
O001056,C00746,2026-04-28T23:25:00,P004,1,37.06,GBP
O001057,C00738,2026-03-27T01:51:00,P003,1,23.66,GBP
O001058,C00788,2026-01-21T00:02:00,P002,3,146.76,GBP
O001059,C00351,2026-04-27T12:55:00,P003,4,24.8,GBP
O001060,C00865,2026-06-14T13:28:00,P003,2,26.22,GBP
O001061,C00743,2026-02-05T20:04:00,P004,3,34.85,GBP
O001062,C00086,2026-01-16T11:31:00,P001,3,78.92,GBP
O001063,C00630,2026-01-06T05:11:00,P002,3,142.3,GBP
O001064,C00913,2026-04-20T23:59:00,P002,4,138.51,GBP
O001065,C00652,2026-01-06T14:16:00,P001,3,85.39,GBP
O001066,C00226,2026-04-29T07:30:00,P001,3,77.14,GBP
O001067,C00169,2026-05-20T20:21:00,P001,1,87.2,GBP
O001068,C00651,2026-04-17T05:05:00,P005,4,84.63,GBP
O001069,C00115,2026-04-01T01:55:00,P004,1,32.27,GBP
O001070,C00443,2026-04-12T04:09:00,P004,2,35.72,GBP
O001071,C00444,2026-04-28T01:58:00,P003,3,25.37,GBP
O001072,C00122,2026-01-31T15:42:00,P005,4,92.51,GBP
O001073,C00454,2026-06-05T14:42:00,P002,3,138.11,GBP
O001074,C00423,2026-04-24T01:06:00,P005,4,97.73,GBP
O001075,C00690,2026-01-13T18:45:00,P004,4,33.39,GBP
O001076,C00848,2026-01-18T05:04:00,P002,2,153.14,GBP
O001077,C00019,2026-05-12T22:51:00,P004,3,35.28,GBP
O001078,C00730,2026-05-01T15:26:00,P005,2,90.69,GBP
O001079,C00263,2026-02-25T15:32:00,P003,4,25.6,GBP
O001080,C00551,2026-06-25T14:42:00,P002,3,148.4,GBP
O001081,C00943,2026-05-09T06:23:00,P002,1,135.36,GBP
O001082,C00584,2026-04-23T02:12:00,P003,3,23.78,GBP
O001083,C00605,2026-04-01T00:32:00,P001,2,84.99,GBP
O001084,C00873,2026-02-25T13:07:00,P004,1,37.49,GBP
O001085,C00068,2026-03-25T13:02:00,P004,1,36.84,GBP
O001086,C00284,2026-01-05T18:17:00,P002,2,162.18,GBP
O001087,C00971,2026-03-17T13:50:00,P003,1,27.18,GBP
O001088,C00657,2026-03-03T15:20:00,P001,3,78.71,GBP
O001089,C00058,2026-05-26T09:30:00,P002,2,154.91,GBP
O001090,C00677,2026-01-28T12:45:00,P005,2,88.34,GBP
O001091,C00481,2026-05-18T02:55:00,P002,1,138.54,GBP
O001092,C00374,2026-01-28T17:29:00,P001,4,83.34,GBP
O001093,C00827,2026-05-29T00:47:00,P001,4,76.4,GBP
O001094,C00609,2026-01-13T10:22:00,P004,3,36.63,GBP
O001095,C00613,2026-03-09T02:02:00,P003,1,25.9,GBP
O001096,C00337,2026-01-26T20:38:00,P002,2,153.48,GBP
O001097,C00507,2026-05-24T19:16:00,P001,1,87.98,GBP
O001098,C00638,2026-06-25T05:28:00,P004,1,37.02,GBP
O001099,C00022,2026-06-09T17:05:00,P004,1,38.19,GBP
O001100,C00656,2026-04-19T17:50:00,P001,3,86.27,GBP
O001101,C00316,2026-01-21T14:38:00,P004,4,37.59,GBP
O001102,C00099,2026-01-27T16:16:00,P004,3,36.28,GBP
O001103,C00168,2026-01-01T13:58:00,P004,1,31.84,GBP
O001104,C00351,2026-05-13T11:45:00,P005,1,83.76,GBP
O001105,C00262,2026-06-09T22:06:00,P004,3,34.88,GBP
O001106,C00719,2026-05-04T06:01:00,P003,1,27.48,GBP
O001107,C00237,2026-01-16T06:44:00,P001,4,77.84,GBP
O001108,C00095,2026-04-25T11:51:00,P005,4,91.04,GBP
O001109,C00183,2026-02-08T23:25:00,P003,4,25.54,GBP
O001110,C00430,2026-03-09T22:01:00,P001,3,81.75,GBP
O001111,C00885,2026-05-10T07:13:00,P002,1,164.85,GBP
O001112,C00614,2026-05-27T01:17:00,P001,4,72.15,GBP
O001113,C00238,2026-02-24T08:57:00,P005,2,96.02,GBP
O001114,C00454,2026-05-05T23:48:00,P004,3,31.87,GBP
O001115,C00592,2026-03-20T23:10:00,P002,2,147.67,GBP
O001116,C00241,2026-06-07T22:29:00,P003,3,26.2,GBP
O001117,C00204,2026-06-27T09:29:00,P003,2,25.18,GBP
O001118,C00094,2026-03-03T17:50:00,P001,3,73.87,GBP
O001119,C00664,2026-03-28T16:17:00,P004,1,35.7,GBP
O001120,C00689,2026-04-05T03:30:00,P002,3,153.67,GBP
O001121,C00378,2026-03-05T05:21:00,P002,1,149.11,GBP
O001122,C00517,2026-02-25T20:48:00,P004,4,33.19,GBP
O001123,C00328,2026-02-12T10:54:00,P002,2,155.43,GBP
O001124,C00151,2026-03-13T08:00:00,P003,1,25.98,GBP
O001125,C00757,2026-02-22T19:25:00,P003,4,26.48,GBP
O001126,C00811,2026-05-28T14:45:00,P003,2,27.2,GBP
O001127,C00565,2026-01-02T16:45:00,P002,3,161.58,GBP
O001128,C00020,2026-01-04T14:20:00,P003,3,26.77,GBP
O001129,C00790,2026-03-25T17:51:00,P001,3,87.97,GBP
O001130,C00801,2026-05-13T05:49:00,P005,1,97.05,GBP
O001131,C00488,2026-06-23T18:28:00,P002,2,150.57,GBP
O001132,C00375,2026-03-30T17:48:00,P004,2,36.73,GBP
O001133,C00889,2026-04-26T00:47:00,P004,2,37.63,GBP
O001134,C00646,2026-06-13T12:19:00,P005,2,98.12,GBP
O001135,C00390,2026-01-05T17:52:00,P001,2,77.87,GBP
O001136,C00847,2026-06-23T04:38:00,P004,2,32.5,GBP
O001137,C00960,2026-06-30T22:40:00,P001,4,87.54,GBP
O001138,C00383,2026-01-06T02:10:00,P001,2,77.91,GBP
O001139,C00652,2026-04-26T00:50:00,P002,1,160.06,GBP
O001140,C00850,2026-03-15T15:08:00,P004,4,37.96,GBP
O001141,C00872,2026-06-28T18:35:00,P005,4,93.53,GBP
O001142,C00217,2026-05-05T03:03:00,P002,4,164.61,GBP
O001143,C00009,2026-05-15T01:03:00,P003,2,23.73,GBP
O001144,C00553,2026-05-30T18:47:00,P001,2,84.76,GBP
O001145,C00671,2026-02-27T22:29:00,P005,3,88.02,GBP
O001146,C00464,2026-06-26T12:24:00,P002,4,157.77,GBP
O001147,C00812,2026-04-10T09:12:00,P003,2,24.15,GBP
O001148,C00642,2026-03-25T13:05:00,P002,2,163.17,GBP
O001149,C00013,2026-05-19T22:25:00,P002,4,158.54,GBP
O001150,C00852,2026-03-07T23:05:00,P003,2,26.49,GBP
O001151,C00603,2026-05-25T23:27:00,P004,1,32.34,GBP
O001152,C00459,2026-01-20T19:04:00,P004,4,31.8,GBP
O001153,C00584,2026-06-01T22:15:00,P002,3,153.15,GBP
O001154,C00349,2026-01-20T01:15:00,P004,2,36.1,GBP
O001155,C00532,2026-02-08T21:02:00,P002,2,137.11,GBP
O001156,C00998,2026-05-30T17:37:00,P004,2,31.59,GBP
O001157,C00497,2026-05-10T12:44:00,P004,1,37.05,GBP
O001158,C00769,2026-01-15T08:22:00,P004,1,36.05,GBP
O001159,C00369,2026-04-07T20:25:00,P003,4,25.75,GBP
O001160,C00935,2026-02-15T10:47:00,P001,4,82.97,GBP
O001161,C00629,2026-03-18T02:30:00,P002,2,141.42,GBP
O001162,C00561,2026-05-16T18:38:00,P005,1,91.47,GBP
O001163,C00694,2026-05-21T17:33:00,P005,1,97.84,GBP
O001164,C00538,2026-01-18T03:07:00,P001,3,79.36,GBP
O001165,C00611,2026-02-14T06:58:00,P004,4,31.67,GBP
O001166,C00524,2026-01-08T17:19:00,P003,3,27.4,GBP
O001167,C00268,2026-03-11T07:08:00,P004,1,32.43,GBP
O001168,C00861,2026-02-20T05:55:00,P004,4,37.5,GBP
O001169,C00508,2026-04-17T07:15:00,P005,2,95.05,GBP
O001170,C00795,2026-01-19T20:02:00,P001,1,82.93,GBP
O001171,C00821,2026-03-19T07:57:00,P005,2,97.04,GBP
O001172,C00048,2026-06-01T16:00:00,P005,3,98.42,GBP
O001173,C00982,2026-04-07T17:29:00,P003,1,23.37,GBP
O001174,C00570,2026-01-09T02:14:00,P005,4,96.26,GBP
O001175,C00286,2026-04-29T05:40:00,P005,2,82.64,GBP
O001176,C00108,2026-02-01T05:26:00,P004,4,33.99,GBP
O001177,C00317,2026-04-10T00:15:00,P002,2,136.71,GBP
O001178,C00110,2026-02-04T02:27:00,P004,4,35.18,GBP
O001179,C00806,2026-01-05T10:31:00,P002,2,156.09,GBP
O001180,C00506,2026-03-22T17:57:00,P005,1,90.92,GBP
O001181,C00546,2026-03-23T20:51:00,P002,2,135.72,GBP
O001182,C00025,2026-03-08T03:58:00,P004,4,33.9,GBP
O001183,C00172,2026-04-12T03:03:00,P005,1,96.98,GBP
O001184,C00010,2026-05-28T11:44:00,P002,1,137.9,GBP
O001185,C00020,2026-01-18T15:41:00,P005,2,92.85,GBP
O001186,C00776,2026-03-24T02:11:00,P002,2,146.9,GBP
O001187,C00160,2026-02-19T18:32:00,P001,4,73.19,GBP
O001188,C00978,2026-01-09T06:01:00,P001,1,85.6,GBP
O001189,C00853,2026-06-02T10:38:00,P001,3,73.19,GBP
O001190,C00398,2026-06-07T13:13:00,P001,2,85.83,GBP
O001191,C00836,2026-04-14T01:13:00,P004,4,34.96,GBP
O001192,C00161,2026-01-10T21:35:00,P003,1,24.31,GBP
O001193,C00445,2026-02-22T23:32:00,P003,2,23.63,GBP
O001194,C00372,2026-01-07T03:49:00,P004,4,36.46,GBP
O001195,C00136,2026-03-25T02:19:00,P001,3,76.99,GBP
O001196,C00387,2026-01-31T16:33:00,P002,3,136.06,GBP
O001197,C00682,2026-01-20T11:32:00,P001,2,75.3,GBP
O001198,C00031,2026-06-01T13:30:00,P004,2,32.91,GBP
O001199,C00301,2026-01-01T16:18:00,P003,2,22.96,GBP
O001200,C00347,2026-05-26T21:33:00,P004,2,34.39,GBP
O001201,C00243,2026-05-25T01:42:00,P002,2,158.85,GBP
O001202,C00677,2026-05-13T12:21:00,P004,2,33.44,GBP
O001203,C00620,2026-01-26T20:04:00,P003,1,26.86,GBP
O001204,C00720,2026-01-03T00:56:00,P005,4,86.36,GBP
O001205,C00146,2026-06-24T12:52:00,P004,1,34.01,GBP
O001206,C00731,2026-03-21T14:41:00,P005,1,85.33,GBP
O001207,C00275,2026-04-11T12:22:00,P001,1,87.43,GBP
O001208,C00231,2026-05-28T08:43:00,P003,3,26.83,GBP
O001209,C00524,2026-06-22T09:54:00,P004,3,37.51,GBP
O001210,C00659,2026-02-11T02:00:00,P001,1,80.02,GBP
O001211,C00144,2026-02-24T05:46:00,P001,3,73.51,GBP
O001212,C00108,2026-06-03T17:49:00,P005,1,97.75,GBP
O001213,C00416,2026-01-05T20:16:00,P001,3,85.62,GBP
O001214,C00034,2026-04-27T11:43:00,P001,2,86.7,GBP
O001215,C00400,2026-04-29T16:09:00,P003,3,26.5,GBP
O001216,C00411,2026-01-25T13:21:00,P002,3,154.85,GBP
O001217,C00201,2026-06-04T23:00:00,P004,4,33.91,GBP
O001218,C00804,2026-02-12T00:20:00,P002,3,161.64,GBP
O001219,C00866,2026-05-23T16:35:00,P001,2,86.23,GBP
O001220,C00393,2026-06-22T11:35:00,P002,4,143.52,GBP
O001221,C00771,2026-03-17T03:01:00,P003,2,23.95,GBP
O001222,C00740,2026-05-01T03:55:00,P005,3,97.83,GBP
O001223,C00346,2026-02-25T02:11:00,P003,3,24.31,GBP
O001224,C00364,2026-01-04T19:06:00,P001,1,72.79,GBP
O001225,C00437,2026-05-30T11:56:00,P003,3,24.84,GBP
O001226,C00435,2026-03-07T04:36:00,P004,3,36.31,GBP
O001227,C00209,2026-04-16T21:28:00,P001,1,72.6,GBP
O001228,C00580,2026-05-14T05:26:00,P003,1,24.11,GBP
O001229,C00271,2026-04-21T22:41:00,P003,2,24.7,GBP
O001230,C00857,2026-02-20T14:16:00,P001,1,79.03,GBP
O001231,C00504,2026-01-16T14:36:00,P001,3,74.67,GBP
O001232,C00174,2026-03-27T11:01:00,P002,1,154.81,GBP
O001233,C00193,2026-03-07T03:11:00,P004,2,34.44,GBP
O001234,C00560,2026-01-08T19:39:00,P003,1,23.99,GBP
O001235,C00504,2026-04-05T09:04:00,P001,2,73.53,GBP
O001236,C00460,2026-06-07T01:14:00,P003,3,26.35,GBP
O001237,C00568,2026-02-12T18:53:00,P001,2,79.12,GBP
O001238,C00217,2026-06-06T13:51:00,P005,1,92.34,GBP
O001239,C00027,2026-05-20T05:35:00,P005,3,88.61,GBP
O001240,C00445,2026-01-28T04:39:00,P001,4,84.49,GBP
O001241,C00292,2026-04-09T09:28:00,P004,4,37.35,GBP
O001242,C00386,2026-03-08T15:49:00,P005,4,95.69,GBP
O001243,C00174,2026-03-26T01:37:00,P005,3,85.7,GBP
O001244,C00060,2026-06-24T02:39:00,P003,2,23.73,GBP
O001245,C00365,2026-04-30T00:31:00,P005,2,91.41,GBP
O001246,C00527,2026-04-21T04:05:00,P001,3,74.3,GBP
O001247,C00644,2026-03-27T03:39:00,P003,2,23.68,GBP
O001248,C00331,2026-06-24T11:23:00,P002,2,135.33,GBP
O001249,C00962,2026-06-22T18:29:00,P004,1,33.85,GBP
O001250,C00550,2026-02-01T19:12:00,P005,3,81.63,GBP
O001251,C00191,2026-05-16T07:00:00,P005,1,94.87,GBP
O001252,C00871,2026-03-28T06:38:00,P001,4,87.52,GBP
O001253,C00225,2026-01-04T22:53:00,P005,1,85.04,GBP
O001254,C00233,2026-05-24T17:59:00,P003,4,22.58,GBP
O001255,C00653,2026-05-02T15:50:00,P004,1,35.64,GBP
O001256,C00596,2026-06-15T04:11:00,P001,4,77.24,GBP
O001257,C00903,2026-01-26T19:45:00,P004,3,31.74,GBP
O001258,C00497,2026-03-17T10:27:00,P003,3,27.17,GBP
O001259,C00026,2026-04-22T20:10:00,P001,2,86.22,GBP
O001260,C00523,2026-04-27T14:48:00,P004,3,32.94,GBP
O001261,C00252,2026-01-30T23:36:00,P003,3,26.22,GBP
O001262,C00424,2026-05-07T14:29:00,P005,4,86.65,GBP
O001263,C00640,2026-02-11T19:13:00,P004,4,32.75,GBP
O001264,C00233,2026-02-12T16:14:00,P002,3,140.01,GBP
O001265,C00971,2026-02-28T16:41:00,P001,1,75.04,GBP
O001266,C00585,2026-06-20T01:22:00,P003,3,24.54,GBP
O001267,C00700,2026-01-28T09:03:00,P001,3,82.95,GBP
O001268,C00196,2026-01-06T15:18:00,P004,2,35.12,GBP
O001269,C00154,2026-05-28T17:18:00,P004,1,34.18,GBP
O001270,C00657,2026-06-12T14:43:00,P001,1,86.91,GBP
O001271,C00598,2026-01-27T16:04:00,P001,3,74.55,GBP
O001272,C00191,2026-03-02T14:36:00,P002,2,148.23,GBP
O001273,C00474,2026-03-05T18:13:00,P001,1,73.07,GBP
O001274,C00539,2026-03-09T06:34:00,P003,3,22.87,GBP
O001275,C00881,2026-06-22T16:26:00,P001,2,84.87,GBP
O001276,C00424,2026-02-01T02:13:00,P001,3,83.84,GBP
O001277,C00473,2026-04-08T05:49:00,P001,3,79.11,GBP
O001278,C00473,2026-05-18T16:26:00,P002,3,156.98,GBP
O001279,C00124,2026-03-13T11:02:00,P003,4,26.46,GBP
O001280,C00892,2026-03-20T15:25:00,P002,1,136.92,GBP
O001281,C00798,2026-04-12T17:28:00,P005,2,86.87,GBP
O001282,C00415,2026-04-14T07:53:00,P004,1,35.95,GBP
O001283,C00015,2026-05-20T22:05:00,P005,3,96.97,GBP
O001284,C00229,2026-05-21T06:38:00,P001,3,73.98,GBP
O001285,C00486,2026-05-10T03:33:00,P004,4,34.1,GBP
O001286,C00011,2026-05-13T18:04:00,P001,3,86.23,GBP
O001287,C00919,2026-01-18T17:20:00,P005,2,81.67,GBP
O001288,C00289,2026-03-14T13:43:00,P002,2,151.66,GBP
O001289,C00443,2026-01-17T15:57:00,P002,4,142.86,GBP
O001290,C00035,2026-05-20T15:36:00,P002,4,157.91,GBP
O001291,C00855,2026-02-21T02:40:00,P003,1,25.31,GBP
O001292,C00529,2026-01-22T06:29:00,P004,2,37.87,GBP
O001293,C00604,2026-02-21T17:45:00,P001,1,76.88,GBP
O001294,C00666,2026-02-28T00:06:00,P005,2,95.16,GBP
O001295,C00284,2026-05-26T03:49:00,P001,4,78.42,GBP
O001296,C00423,2026-03-07T19:49:00,P002,2,156.75,GBP
O001297,C00575,2026-06-26T13:53:00,P005,2,95.57,GBP
O001298,C00899,2026-03-01T16:12:00,P002,2,161.63,GBP
O001299,C00651,2026-05-05T23:44:00,P005,1,82.85,GBP
O001300,C00373,2026-03-30T07:05:00,P005,2,84.33,GBP
O001301,C00035,2026-02-14T03:00:00,P002,1,146.92,GBP
O001302,C00418,2026-01-14T22:14:00,P002,3,142.32,GBP
O001303,C00075,2026-05-02T17:47:00,P004,2,34.32,GBP
O001304,C00524,2026-05-07T10:34:00,P005,4,98.88,GBP
O001305,C00164,2026-04-16T23:35:00,P003,1,25.14,GBP
O001306,C00004,2026-03-28T23:43:00,P001,1,75.96,GBP
O001307,C00428,2026-05-04T18:19:00,P001,2,74.77,GBP
O001308,C00455,2026-06-06T21:37:00,P002,3,153.04,GBP
O001309,C00928,2026-06-12T19:21:00,P002,1,163.24,GBP
O001310,C00796,2026-05-23T05:17:00,P002,1,158.6,GBP
O001311,C00281,2026-04-19T19:31:00,P003,3,23.74,GBP
O001312,C00251,2026-04-18T20:08:00,P005,2,94.11,GBP
O001313,C00970,2026-02-14T01:27:00,P004,3,32.66,GBP
O001314,C00834,2026-05-11T14:08:00,P001,1,85.75,GBP
O001315,C00349,2026-04-21T22:56:00,P002,1,141.93,GBP
O001316,C00838,2026-06-27T13:16:00,P004,1,35.36,GBP
O001317,C00696,2026-05-28T09:32:00,P004,1,34.93,GBP
O001318,C00284,2026-06-30T02:38:00,P002,1,151.83,GBP
O001319,C00262,2026-03-17T14:56:00,P001,2,87.86,GBP
O001320,C00039,2026-05-24T06:52:00,P004,4,32.39,GBP
O001321,C00315,2026-05-09T11:15:00,P004,4,32.79,GBP
O001322,C00558,2026-06-15T18:59:00,P004,4,36.41,GBP
O001323,C00949,2026-02-26T04:26:00,P004,4,34.7,GBP
O001324,C00026,2026-06-30T14:11:00,P002,3,153.33,GBP
O001325,C00656,2026-01-17T08:11:00,P004,1,35.39,GBP
O001326,C00437,2026-04-03T16:11:00,P003,4,22.86,GBP
O001327,C00608,2026-05-21T08:34:00,P002,4,163.73,GBP
O001328,C00415,2026-03-04T23:03:00,P002,3,149.26,GBP
O001329,C00427,2026-01-22T17:18:00,P003,3,24.26,GBP
O001330,C00494,2026-04-26T16:26:00,P004,3,37.71,GBP
O001331,C00577,2026-02-05T23:29:00,P005,3,85.97,GBP
O001332,C00518,2026-03-01T14:07:00,P001,2,80.56,GBP
O001333,C00451,2026-03-16T10:39:00,P005,2,96.76,GBP
O001334,C00195,2026-06-08T12:52:00,P001,3,76.5,GBP
O001335,C00274,2026-03-25T00:08:00,P002,4,145.53,GBP
O001336,C00509,2026-06-13T02:07:00,P002,4,138.61,GBP
O001337,C00832,2026-05-13T05:54:00,P005,1,86.98,GBP
O001338,C00936,2026-04-12T03:42:00,P001,4,87.39,GBP
O001339,C00739,2026-04-16T07:06:00,P002,1,152.66,GBP
O001340,C00229,2026-05-11T01:03:00,P003,3,23.56,GBP
O001341,C00093,2026-06-10T05:21:00,P004,1,35.77,GBP
O001342,C00525,2026-04-07T10:52:00,P003,1,26.78,GBP
O001343,C00537,2026-04-16T03:28:00,P005,4,95.85,GBP
O001344,C00940,2026-01-01T16:55:00,P005,2,84.72,GBP
O001345,C00695,2026-01-21T08:01:00,P002,1,153.66,GBP
O001346,C00171,2026-06-23T16:04:00,P003,2,25.43,GBP
O001347,C00368,2026-01-11T02:15:00,P004,3,34.1,GBP
O001348,C00374,2026-03-23T16:12:00,P003,2,25.1,GBP
O001349,C00650,2026-02-08T18:57:00,P001,4,87.55,GBP
O001350,C00686,2026-01-01T11:38:00,P004,3,31.91,GBP
O001351,C00323,2026-05-03T07:10:00,P005,3,93.9,GBP
O001352,C00119,2026-01-14T19:31:00,P004,1,31.54,GBP
O001353,C00765,2026-04-21T12:57:00,P001,1,78.52,GBP
O001354,C00676,2026-03-29T06:36:00,P001,4,79.04,GBP
O001355,C00022,2026-06-27T05:36:00,P003,3,23.95,GBP
O001356,C00386,2026-06-03T15:48:00,P005,1,82.64,GBP
O001357,C00301,2026-02-24T07:51:00,P004,4,37.56,GBP
O001358,C00337,2026-04-28T11:20:00,P003,1,23.8,GBP
O001359,C00394,2026-05-23T06:30:00,P003,2,26.36,GBP
O001360,C00428,2026-01-06T12:43:00,P002,2,142.05,GBP
O001361,C00833,2026-06-11T10:35:00,P005,4,93.67,GBP
O001362,C00603,2026-04-13T12:52:00,P001,1,80.74,GBP
O001363,C00527,2026-04-30T10:55:00,P005,3,91.0,GBP
O001364,C00111,2026-03-16T21:49:00,P001,2,75.08,GBP
O001365,C00961,2026-03-20T17:58:00,P004,1,33.31,GBP
O001366,C00142,2026-04-10T04:07:00,P005,4,96.83,GBP
O001367,C00628,2026-01-15T05:37:00,P002,2,154.64,GBP
O001368,C00901,2026-01-06T20:30:00,P003,1,23.96,GBP
O001369,C00703,2026-02-11T02:53:00,P002,3,143.23,GBP
O001370,C00339,2026-04-23T20:42:00,P005,1,91.73,GBP
O001371,C00487,2026-02-17T11:41:00,P004,4,34.2,GBP
O001372,C00135,2026-03-05T01:57:00,P004,4,35.97,GBP
O001373,C00357,2026-04-25T17:59:00,P002,1,148.25,GBP
O001374,C00663,2026-06-24T12:38:00,P001,1,87.43,GBP
O001375,C00292,2026-01-26T08:03:00,P004,4,34.89,GBP
O001376,C00978,2026-04-08T16:36:00,P005,2,87.49,GBP
O001377,C00762,2026-02-02T04:31:00,P003,4,26.84,GBP
O001378,C00491,2026-02-25T15:58:00,P001,4,81.42,GBP
O001379,C00322,2026-03-26T15:24:00,P005,2,98.66,GBP
O001380,C00031,2026-06-04T10:26:00,P003,1,23.81,GBP
O001381,C00945,2026-02-11T18:22:00,P005,3,96.89,GBP
O001382,C00924,2026-03-18T06:56:00,P005,2,97.65,GBP
O001383,C00387,2026-05-31T15:15:00,P004,1,35.49,GBP
O001384,C00242,2026-06-22T13:15:00,P004,4,34.9,GBP
O001385,C00862,2026-05-10T20:37:00,P005,1,88.03,GBP
O001386,C00532,2026-05-03T17:41:00,P004,1,33.11,GBP
O001387,C00978,2026-03-18T04:10:00,P005,3,93.46,GBP
O001388,C00599,2026-01-10T21:16:00,P003,3,25.54,GBP
O001389,C00809,2026-03-16T08:53:00,P004,4,33.44,GBP
O001390,C00055,2026-04-26T04:42:00,P003,3,23.99,GBP
O001391,C00744,2026-02-08T16:23:00,P005,1,88.41,GBP
O001392,C00617,2026-03-27T08:37:00,P004,2,37.28,GBP
O001393,C00563,2026-05-02T09:27:00,P001,1,79.29,GBP
O001394,C00894,2026-06-07T08:23:00,P005,3,83.22,GBP
O001395,C00391,2026-01-02T08:09:00,P004,1,35.31,GBP
O001396,C00234,2026-03-22T14:07:00,P005,1,98.08,GBP
O001397,C00693,2026-01-05T19:06:00,P003,4,25.16,GBP
O001398,C00471,2026-01-01T16:01:00,P003,2,22.64,GBP
O001399,C00590,2026-06-17T22:56:00,P005,2,84.87,GBP
O001400,C00331,2026-04-11T15:25:00,P005,4,97.74,GBP
O001401,C00709,2026-03-19T23:05:00,P004,1,37.19,GBP
O001402,C00782,2026-05-03T16:27:00,P001,2,80.29,GBP
O001403,C00417,2026-04-15T15:00:00,P005,4,88.39,GBP
O001404,C00924,2026-03-01T07:43:00,P005,1,88.05,GBP
O001405,C00248,2026-01-03T06:45:00,P002,4,157.32,GBP
O001406,C00133,2026-03-19T23:22:00,P005,3,90.27,GBP
O001407,C00028,2026-06-06T08:37:00,P004,3,34.27,GBP
O001408,C00581,2026-05-05T15:26:00,P001,2,84.43,GBP
O001409,C00404,2026-03-18T09:10:00,P002,3,159.5,GBP
O001410,C00295,2026-01-27T04:30:00,P001,4,82.43,GBP
O001411,C00175,2026-01-13T18:27:00,P001,2,85.55,GBP
O001412,C00885,2026-05-16T21:01:00,P002,2,161.89,GBP
O001413,C00546,2026-01-03T00:48:00,P005,1,83.92,GBP
O001414,C00364,2026-03-05T13:09:00,P003,3,22.62,GBP
O001415,C00409,2026-05-15T14:33:00,P005,1,88.53,GBP
O001416,C00040,2026-01-21T20:31:00,P002,2,161.29,GBP
O001417,C00092,2026-03-22T04:32:00,P003,3,22.56,GBP
O001418,C00914,2026-02-01T10:41:00,P004,3,33.78,GBP
O001419,C00712,2026-02-07T15:46:00,P004,1,35.11,GBP
O001420,C00668,2026-02-14T16:23:00,P004,2,37.19,GBP
O001421,C00824,2026-03-03T07:43:00,P002,4,159.86,GBP
O001422,C00962,2026-06-07T10:36:00,P002,3,135.59,GBP
O001423,C00263,2026-03-24T15:16:00,P004,1,38.23,GBP
O001424,C00425,2026-06-21T05:58:00,P005,3,96.13,GBP
O001425,C00055,2026-04-17T09:36:00,P001,1,72.21,GBP
O001426,C00548,2026-03-20T02:09:00,P004,2,37.7,GBP
O001427,C00654,2026-04-15T12:34:00,P002,4,141.35,GBP
O001428,C00379,2026-06-29T12:21:00,P003,1,24.64,GBP
O001429,C00131,2026-06-18T02:06:00,P002,3,157.81,GBP
O001430,C00756,2026-04-16T15:31:00,P002,3,148.06,GBP
O001431,C00692,2026-01-14T02:35:00,P005,2,97.97,GBP
O001432,C00723,2026-05-11T20:32:00,P001,2,86.27,GBP
O001433,C00848,2026-03-27T07:14:00,P003,3,26.87,GBP
O001434,C00846,2026-02-16T11:42:00,P004,4,32.37,GBP
O001435,C00826,2026-06-15T00:04:00,P004,1,36.34,GBP
O001436,C00856,2026-03-05T17:17:00,P003,4,27.33,GBP
O001437,C00815,2026-03-27T02:29:00,P002,3,157.16,GBP
O001438,C00794,2026-01-12T15:48:00,P003,3,25.58,GBP
O001439,C00019,2026-04-06T23:51:00,P005,2,96.91,GBP
O001440,C00686,2026-03-08T01:46:00,P003,3,25.85,GBP
O001441,C00788,2026-03-10T14:15:00,P003,1,22.88,GBP
O001442,C00412,2026-06-07T00:47:00,P004,3,32.25,GBP
O001443,C00790,2026-06-01T15:30:00,P002,2,154.17,GBP
O001444,C00337,2026-03-03T00:02:00,P002,3,138.56,GBP
O001445,C00388,2026-03-21T07:46:00,P005,3,95.08,GBP
O001446,C00914,2026-02-02T18:40:00,P001,3,83.0,GBP
O001447,C00689,2026-01-05T02:05:00,P005,2,98.81,GBP
O001448,C00111,2026-05-28T12:06:00,P001,4,87.28,GBP
O001449,C00249,2026-01-04T11:40:00,P002,1,152.44,GBP
O001450,C00246,2026-03-11T21:38:00,P002,2,163.36,GBP
O001451,C00902,2026-04-10T04:51:00,P001,3,86.29,GBP
O001452,C00788,2026-04-05T11:49:00,P004,3,37.22,GBP
O001453,C00622,2026-05-08T12:40:00,P004,4,37.07,GBP
O001454,C00560,2026-06-27T07:29:00,P002,3,152.82,GBP
O001455,C00213,2026-01-19T01:00:00,P005,1,93.27,GBP
O001456,C00995,2026-05-19T17:13:00,P005,4,87.35,GBP
O001457,C00561,2026-04-23T18:06:00,P002,1,158.55,GBP
O001458,C00696,2026-05-25T11:36:00,P004,2,32.75,GBP
O001459,C00619,2026-04-25T17:41:00,P002,1,135.35,GBP
O001460,C00575,2026-06-04T19:11:00,P004,3,37.18,GBP
O001461,C00414,2026-06-12T23:36:00,P001,3,85.31,GBP
O001462,C00350,2026-04-18T05:22:00,P003,4,25.88,GBP
O001463,C00656,2026-04-30T00:07:00,P002,4,162.36,GBP
O001464,C00102,2026-05-17T21:48:00,P005,4,89.04,GBP
O001465,C00843,2026-03-26T01:49:00,P005,1,90.93,GBP
O001466,C00681,2026-02-03T01:10:00,P004,2,33.88,GBP
O001467,C00047,2026-03-06T13:39:00,P005,4,97.39,GBP
O001468,C00295,2026-02-23T19:49:00,P001,3,82.11,GBP
O001469,C00942,2026-05-17T08:34:00,P004,2,38.46,GBP
O001470,C00629,2026-02-12T01:24:00,P002,3,143.93,GBP
O001471,C00845,2026-03-10T00:26:00,P004,1,33.14,GBP
O001472,C00588,2026-05-04T02:45:00,P005,1,92.74,GBP
O001473,C00124,2026-01-18T06:10:00,P001,4,84.11,GBP
O001474,C00501,2026-02-16T20:50:00,P001,3,83.75,GBP
O001475,C00951,2026-02-02T14:47:00,P001,4,87.65,GBP
O001476,C00426,2026-06-19T14:20:00,P003,1,24.91,GBP
O001477,C00501,2026-06-27T19:33:00,P002,4,145.39,GBP
O001478,C00350,2026-04-18T12:30:00,P002,1,164.65,GBP
O001479,C00557,2026-03-05T03:37:00,P002,1,135.33,GBP
O001480,C00078,2026-04-09T02:43:00,P005,1,84.97,GBP
O001481,C00339,2026-02-10T19:24:00,P001,4,72.94,GBP
O001482,C00303,2026-01-18T13:04:00,P004,3,36.47,GBP
O001483,C00216,2026-01-10T18:46:00,P004,3,31.66,GBP
O001484,C00152,2026-05-23T22:38:00,P002,4,137.88,GBP
O001485,C00144,2026-02-24T04:27:00,P003,3,24.4,GBP
O001486,C00288,2026-05-02T03:56:00,P001,4,78.08,GBP
O001487,C00063,2026-04-21T15:30:00,P002,4,149.73,GBP
O001488,C00542,2026-05-17T21:06:00,P002,1,137.16,GBP
O001489,C00557,2026-01-31T01:20:00,P001,1,79.34,GBP
O001490,C00516,2026-06-19T08:46:00,P004,1,35.83,GBP
O001491,C00744,2026-01-27T22:22:00,P001,3,79.29,GBP
O001492,C00786,2026-04-11T09:15:00,P004,4,35.95,GBP
O001493,C00758,2026-03-26T18:24:00,P003,3,24.76,GBP
O001494,C00461,2026-06-01T00:43:00,P002,2,159.16,GBP
O001495,C00409,2026-06-10T15:44:00,P003,3,25.66,GBP
O001496,C00787,2026-05-06T20:35:00,P001,1,85.32,GBP
O001497,C00838,2026-05-30T21:05:00,P005,2,91.5,GBP
O001498,C00761,2026-05-04T18:03:00,P003,4,25.19,GBP
O001499,C00323,2026-02-11T07:24:00,P001,3,80.6,GBP
O001500,C00324,2026-02-24T06:36:00,P003,1,26.87,GBP
O001501,C00271,2026-06-06T18:35:00,P002,4,135.77,GBP
O001502,C00870,2026-01-09T00:04:00,P001,4,74.45,GBP
O001503,C00358,2026-03-28T08:56:00,P004,4,33.92,GBP
O001504,C00825,2026-03-16T03:03:00,P004,2,32.97,GBP
O001505,C00350,2026-01-21T03:33:00,P004,2,37.47,GBP
O001506,C00840,2026-06-12T06:54:00,P001,3,75.07,GBP
O001507,C00520,2026-02-11T03:03:00,P004,2,37.1,GBP
O001508,C00398,2026-02-27T23:23:00,P002,1,160.96,GBP
O001509,C00802,2026-03-08T18:53:00,P001,4,80.55,GBP
O001510,C00902,2026-06-27T02:41:00,P001,3,74.65,GBP
O001511,C00515,2026-01-06T10:19:00,P003,2,26.0,GBP
O001512,C00062,2026-04-12T10:52:00,P004,2,37.95,GBP
O001513,C00095,2026-01-26T04:33:00,P004,4,32.24,GBP
O001514,C00529,2026-01-28T00:01:00,P005,1,90.54,GBP
O001515,C00988,2026-06-18T15:29:00,P004,2,37.79,GBP
O001516,C00935,2026-04-05T04:23:00,P001,4,77.33,GBP
O001517,C00496,2026-02-21T22:18:00,P004,1,32.29,GBP
O001518,C00463,2026-01-02T13:28:00,P005,4,88.38,GBP
O001519,C00281,2026-04-18T10:29:00,P001,2,76.64,GBP
O001520,C00359,2026-06-05T10:36:00,P004,3,35.33,GBP
O001521,C00197,2026-06-12T15:55:00,P003,3,27.37,GBP
O001522,C00177,2026-03-23T15:40:00,P004,4,37.97,GBP
O001523,C00735,2026-05-04T07:32:00,P005,4,87.72,GBP
O001524,C00642,2026-04-09T01:09:00,P002,2,156.74,GBP
O001525,C00673,2026-05-03T01:01:00,P001,1,76.23,GBP
O001526,C00904,2026-06-07T12:02:00,P001,1,82.85,GBP
O001527,C00360,2026-06-14T03:19:00,P005,4,91.97,GBP
O001528,C00746,2026-06-20T21:32:00,P002,1,139.22,GBP
O001529,C00667,2026-03-20T16:38:00,P004,4,32.55,GBP
O001530,C00078,2026-06-29T03:07:00,P003,3,25.68,GBP
O001531,C00704,2026-06-25T21:28:00,P002,3,141.89,GBP
O001532,C00094,2026-04-11T04:17:00,P005,1,93.29,GBP
O001533,C00445,2026-02-17T18:41:00,P005,4,82.56,GBP
O001534,C00408,2026-01-14T22:35:00,P002,1,135.79,GBP
O001535,C00360,2026-01-22T21:48:00,P005,2,84.87,GBP
O001536,C00281,2026-05-26T06:59:00,P004,4,33.24,GBP
O001537,C00541,2026-01-16T23:38:00,P005,2,89.97,GBP
O001538,C00292,2026-05-05T04:56:00,P003,3,27.0,GBP
O001539,C00097,2026-06-30T14:29:00,P004,1,34.2,GBP
O001540,C00820,2026-05-18T16:45:00,P003,4,23.7,GBP
O001541,C00293,2026-05-08T10:17:00,P002,2,153.07,GBP
O001542,C00144,2026-04-11T18:01:00,P002,4,156.87,GBP
O001543,C00025,2026-06-04T21:47:00,P002,3,152.5,GBP
O001544,C00107,2026-04-18T22:56:00,P002,1,151.79,GBP
O001545,C00570,2026-03-21T11:53:00,P003,2,25.12,GBP
O001546,C00387,2026-02-05T14:57:00,P004,2,37.83,GBP
O001547,C00105,2026-02-17T11:31:00,P005,4,82.72,GBP
O001548,C00403,2026-04-14T07:36:00,P003,1,22.53,GBP
O001549,C00638,2026-04-24T08:36:00,P003,4,27.09,GBP
O001550,C00436,2026-03-29T06:12:00,P002,4,144.09,GBP
O001551,C00529,2026-03-26T03:55:00,P004,1,35.64,GBP
O001552,C00489,2026-04-05T02:27:00,P004,3,32.22,GBP
O001553,C00705,2026-06-18T04:54:00,P005,3,86.34,GBP
O001554,C00658,2026-04-27T00:59:00,P003,1,22.53,GBP
O001555,C00363,2026-04-23T08:52:00,P003,1,26.04,GBP
O001556,C00497,2026-04-17T14:19:00,P003,3,25.16,GBP
O001557,C00118,2026-02-27T18:37:00,P002,4,138.56,GBP
O001558,C00447,2026-01-12T16:54:00,P005,2,94.9,GBP
O001559,C00359,2026-06-05T09:46:00,P005,2,84.17,GBP
O001560,C00943,2026-03-07T12:22:00,P002,1,143.6,GBP
O001561,C00397,2026-01-04T22:38:00,P002,2,161.39,GBP
O001562,C00317,2026-01-28T16:37:00,P004,3,36.39,GBP
O001563,C00319,2026-04-15T03:38:00,P003,1,22.98,GBP
O001564,C00034,2026-06-17T03:24:00,P003,4,25.86,GBP
O001565,C00886,2026-02-26T19:23:00,P001,2,82.06,GBP
O001566,C00964,2026-03-22T17:44:00,P003,1,23.9,GBP
O001567,C00691,2026-01-26T04:35:00,P004,2,34.81,GBP
O001568,C00908,2026-04-24T16:43:00,P001,4,86.62,GBP
O001569,C00663,2026-05-09T11:32:00,P002,1,159.82,GBP
O001570,C00854,2026-06-01T03:16:00,P004,4,33.46,GBP
O001571,C00584,2026-03-06T00:28:00,P005,2,81.03,GBP
O001572,C00030,2026-05-18T20:18:00,P002,1,139.99,GBP
O001573,C00883,2026-04-14T08:55:00,P001,4,81.67,GBP
O001574,C00334,2026-05-23T10:05:00,P001,2,74.46,GBP
O001575,C00476,2026-04-18T08:35:00,P003,4,23.12,GBP
O001576,C00656,2026-03-23T18:56:00,P004,1,38.25,GBP
O001577,C00952,2026-02-13T08:07:00,P005,3,96.8,GBP
O001578,C00430,2026-02-15T14:07:00,P001,1,87.79,GBP
O001579,C00374,2026-05-29T18:33:00,P001,1,82.7,GBP
O001580,C00884,2026-05-15T18:49:00,P005,2,81.23,GBP
O001581,C00001,2026-01-01T11:20:00,P002,2,148.67,GBP
O001582,C00560,2026-04-12T17:52:00,P004,2,35.9,GBP
O001583,C00053,2026-02-18T00:20:00,P004,1,31.98,GBP
O001584,C00922,2026-04-19T19:29:00,P002,2,163.18,GBP
O001585,C00895,2026-06-01T15:57:00,P004,4,38.1,GBP
O001586,C00172,2026-01-29T12:30:00,P003,1,22.84,GBP
O001587,C00999,2026-05-29T19:09:00,P001,2,79.12,GBP
O001588,C00466,2026-02-04T21:09:00,P002,3,159.94,GBP
O001589,C00870,2026-02-09T22:36:00,P005,3,88.35,GBP
O001590,C00551,2026-03-02T10:27:00,P005,4,84.01,GBP
O001591,C00206,2026-05-24T19:53:00,P005,3,89.76,GBP
O001592,C00631,2026-03-24T11:59:00,P005,2,82.58,GBP
O001593,C00790,2026-02-28T08:11:00,P003,3,24.31,GBP
O001594,C00467,2026-02-08T17:35:00,P002,2,142.87,GBP
O001595,C00664,2026-05-13T20:47:00,P001,1,86.19,GBP
O001596,C00679,2026-06-03T00:54:00,P003,4,24.1,GBP
O001597,C00375,2026-02-23T00:37:00,P002,1,152.6,GBP
O001598,C00279,2026-05-30T20:31:00,P001,3,87.68,GBP
O001599,C00067,2026-04-20T15:58:00,P005,2,86.89,GBP
O001600,C00668,2026-01-11T06:23:00,P004,1,35.66,GBP
O001601,C00282,2026-03-26T08:59:00,P005,1,82.45,GBP
O001602,C00576,2026-06-07T04:07:00,P004,3,35.87,GBP
O001603,C00346,2026-05-13T10:16:00,P005,3,94.29,GBP
O001604,C00601,2026-03-07T01:27:00,P001,2,81.21,GBP
O001605,C00431,2026-02-17T18:51:00,P005,3,98.45,GBP
O001606,C00753,2026-05-19T00:45:00,P004,1,36.09,GBP
O001607,C00849,2026-01-15T19:01:00,P001,1,77.68,GBP
O001608,C00083,2026-05-26T16:59:00,P003,3,26.81,GBP
O001609,C00458,2026-03-24T23:24:00,P002,2,154.72,GBP
O001610,C00339,2026-03-30T23:48:00,P003,4,26.86,GBP
O001611,C00513,2026-01-07T23:58:00,P005,1,85.82,GBP
O001612,C00002,2026-01-27T11:35:00,P005,2,82.99,GBP
O001613,C00390,2026-02-09T09:19:00,P002,3,143.79,GBP
O001614,C00804,2026-05-04T23:09:00,P001,3,72.07,GBP
O001615,C00119,2026-05-27T23:38:00,P001,4,78.28,GBP
O001616,C00926,2026-02-05T10:31:00,P003,1,26.39,GBP
O001617,C00637,2026-04-03T16:08:00,P004,3,37.77,GBP
O001618,C00546,2026-05-03T16:32:00,P003,2,24.78,GBP
O001619,C00976,2026-01-14T23:25:00,P005,4,84.82,GBP
O001620,C00136,2026-06-21T18:18:00,P005,1,81.52,GBP
O001621,C00880,2026-06-22T01:56:00,P001,4,83.45,GBP
O001622,C00256,2026-03-10T21:52:00,P004,1,33.64,GBP
O001623,C00518,2026-01-04T09:00:00,P002,2,136.36,GBP
O001624,C00161,2026-02-19T00:31:00,P003,4,26.39,GBP
O001625,C00897,2026-03-30T15:35:00,P002,4,141.43,GBP
O001626,C00569,2026-06-17T06:23:00,P005,4,96.27,GBP
O001627,C00353,2026-04-26T12:17:00,P003,3,24.23,GBP
O001628,C00522,2026-04-16T19:01:00,P003,3,27.19,GBP
O001629,C00026,2026-04-20T13:07:00,P003,4,27.42,GBP
O001630,C00538,2026-02-12T22:27:00,P004,4,33.66,GBP
O001631,C00115,2026-02-27T01:32:00,P001,3,72.85,GBP
O001632,C00361,2026-03-08T13:49:00,P003,2,24.19,GBP
O001633,C00245,2026-03-15T15:10:00,P005,2,90.16,GBP
O001634,C00600,2026-03-09T21:41:00,P005,4,86.14,GBP
O001635,C00007,2026-03-15T04:02:00,P003,3,24.35,GBP
O001636,C00683,2026-04-09T07:14:00,P002,4,149.46,GBP
O001637,C00618,2026-03-27T22:08:00,P001,1,85.63,GBP
O001638,C00605,2026-04-11T22:07:00,P001,4,75.16,GBP
O001639,C00877,2026-04-04T22:21:00,P005,3,87.26,GBP
O001640,C00168,2026-02-15T19:37:00,P005,2,97.89,GBP
O001641,C00253,2026-06-15T05:10:00,P003,4,22.87,GBP
O001642,C00868,2026-04-29T02:58:00,P001,1,80.31,GBP
O001643,C00731,2026-06-27T12:52:00,P004,4,36.37,GBP
O001644,C00302,2026-02-19T12:56:00,P001,1,85.27,GBP
O001645,C00887,2026-06-01T17:44:00,P003,4,25.51,GBP
O001646,C00102,2026-03-08T07:37:00,P004,3,35.5,GBP
O001647,C00482,2026-03-06T20:37:00,P002,3,164.07,GBP
O001648,C00795,2026-05-03T13:19:00,P005,2,90.59,GBP
O001649,C00733,2026-05-10T14:15:00,P001,1,78.25,GBP
O001650,C00718,2026-05-15T22:42:00,P004,4,37.13,GBP
O001651,C00315,2026-03-22T17:52:00,P001,2,80.62,GBP
O001652,C00084,2026-06-08T14:08:00,P003,1,23.3,GBP
O001653,C00927,2026-06-27T15:15:00,P005,1,94.24,GBP
O001654,C00881,2026-03-24T06:36:00,P001,4,74.14,GBP
O001655,C00021,2026-04-05T10:52:00,P004,2,33.58,GBP
O001656,C00929,2026-06-10T18:08:00,P003,3,27.12,GBP
O001657,C00551,2026-04-24T14:27:00,P005,1,86.77,GBP
O001658,C00656,2026-02-13T14:11:00,P005,1,82.62,GBP
O001659,C00508,2026-05-13T08:15:00,P004,1,37.56,GBP
O001660,C00801,2026-05-14T23:43:00,P002,3,145.45,GBP
O001661,C00112,2026-02-13T08:03:00,P003,2,24.13,GBP
O001662,C00207,2026-02-15T12:37:00,P005,2,82.0,GBP
O001663,C00296,2026-03-30T10:53:00,P004,1,32.03,GBP
O001664,C00785,2026-04-09T06:06:00,P004,2,33.38,GBP
O001665,C00341,2026-01-27T09:39:00,P005,4,83.25,GBP
O001666,C00206,2026-02-04T16:55:00,P001,1,74.45,GBP
O001667,C00476,2026-03-07T21:38:00,P001,1,74.07,GBP
O001668,C00046,2026-04-08T00:05:00,P004,3,34.21,GBP
O001669,C00281,2026-02-23T07:05:00,P003,1,25.89,GBP
O001670,C00186,2026-06-16T12:48:00,P002,3,142.36,GBP
O001671,C00408,2026-03-13T02:31:00,P004,4,35.96,GBP
O001672,C00039,2026-02-13T11:17:00,P002,1,137.83,GBP
O001673,C00276,2026-06-23T21:50:00,P002,1,163.4,GBP
O001674,C00487,2026-02-03T22:10:00,P002,3,155.05,GBP
O001675,C00045,2026-03-09T22:29:00,P003,2,25.17,GBP
O001676,C00398,2026-01-14T21:37:00,P002,2,159.65,GBP
O001677,C00342,2026-03-15T22:21:00,P004,2,32.57,GBP
O001678,C00263,2026-01-10T10:54:00,P003,2,26.5,GBP
O001679,C00047,2026-04-14T02:37:00,P001,1,87.88,GBP
O001680,C00005,2026-03-10T12:28:00,P005,2,97.42,GBP
O001681,C00485,2026-04-04T21:39:00,P002,1,140.88,GBP
O001682,C00519,2026-05-06T01:13:00,P003,2,24.58,GBP
O001683,C00225,2026-03-27T12:29:00,P003,3,24.5,GBP
O001684,C00605,2026-05-23T02:09:00,P005,3,94.85,GBP
O001685,C00905,2026-02-23T20:54:00,P005,3,94.99,GBP
O001686,C00543,2026-04-10T19:47:00,P005,3,81.75,GBP
O001687,C00734,2026-04-03T16:40:00,P002,2,159.76,GBP
O001688,C00930,2026-05-15T00:06:00,P004,2,35.86,GBP
O001689,C00416,2026-06-11T13:15:00,P001,3,81.24,GBP
O001690,C00011,2026-03-19T08:35:00,P004,3,37.68,GBP
O001691,C00027,2026-01-27T15:31:00,P003,4,22.57,GBP
O001692,C00696,2026-04-11T11:50:00,P003,1,25.07,GBP
O001693,C00662,2026-04-12T11:01:00,P005,4,97.79,GBP
O001694,C00887,2026-02-04T05:35:00,P002,2,140.07,GBP
O001695,C00044,2026-03-06T08:11:00,P001,2,72.97,GBP
O001696,C00707,2026-01-17T19:35:00,P001,4,85.87,GBP
O001697,C00874,2026-05-25T16:01:00,P001,2,83.81,GBP
O001698,C00391,2026-03-03T11:36:00,P005,1,82.4,GBP
O001699,C00866,2026-03-19T05:01:00,P001,2,87.6,GBP
O001700,C00561,2026-04-12T03:42:00,P002,2,159.46,GBP
O001701,C00162,2026-05-22T14:02:00,P001,2,76.3,GBP
O001702,C00652,2026-03-15T11:15:00,P003,3,23.17,GBP
O001703,C00756,2026-06-02T05:19:00,P002,1,143.61,GBP
O001704,C00153,2026-03-01T23:35:00,P002,1,158.21,GBP
O001705,C00016,2026-01-07T03:17:00,P002,2,138.87,GBP
O001706,C00558,2026-06-18T22:56:00,P002,2,142.93,GBP
O001707,C00341,2026-01-16T21:52:00,P005,1,96.04,GBP
O001708,C00732,2026-03-01T11:27:00,P002,3,157.76,GBP
O001709,C00997,2026-04-08T03:58:00,P004,2,38.47,GBP
O001710,C00603,2026-03-13T23:46:00,P005,4,85.94,GBP
O001711,C00820,2026-04-07T09:45:00,P001,4,86.38,GBP
O001712,C00470,2026-05-29T12:23:00,P002,3,146.27,GBP
O001713,C00004,2026-05-22T06:27:00,P001,1,82.26,GBP
O001714,C00612,2026-01-14T13:23:00,P002,2,161.87,GBP
O001715,C00386,2026-01-15T04:23:00,P004,1,38.13,GBP
O001716,C00739,2026-03-27T14:26:00,P004,2,37.37,GBP
O001717,C00432,2026-01-18T16:43:00,P002,2,147.87,GBP
O001718,C00299,2026-03-24T20:25:00,P005,4,91.29,GBP
O001719,C00886,2026-04-27T06:40:00,P005,2,94.06,GBP
O001720,C00708,2026-03-18T06:37:00,P005,3,83.8,GBP
O001721,C00443,2026-02-12T20:16:00,P002,2,139.96,GBP
O001722,C00969,2026-05-16T07:36:00,P002,1,150.65,GBP
O001723,C00202,2026-05-09T11:06:00,P002,2,156.65,GBP
O001724,C00346,2026-06-03T00:57:00,P004,1,32.5,GBP
O001725,C00790,2026-05-29T09:56:00,P001,1,86.03,GBP
O001726,C00285,2026-03-18T02:32:00,P002,2,144.34,GBP
O001727,C00190,2026-06-01T05:17:00,P003,4,26.54,GBP
O001728,C00454,2026-06-22T00:53:00,P005,2,92.97,GBP
O001729,C00590,2026-06-30T07:44:00,P003,4,22.66,GBP
O001730,C00931,2026-02-10T23:41:00,P005,2,93.44,GBP
O001731,C00659,2026-04-28T09:30:00,P001,2,77.63,GBP
O001732,C00880,2026-03-29T18:52:00,P002,4,141.21,GBP
O001733,C00521,2026-06-14T19:52:00,P003,1,26.43,GBP
O001734,C00749,2026-06-06T00:44:00,P003,1,23.7,GBP
O001735,C00594,2026-06-13T09:08:00,P003,3,25.3,GBP
O001736,C00585,2026-03-30T02:01:00,P005,2,93.58,GBP
O001737,C00354,2026-05-03T04:24:00,P002,2,140.45,GBP
O001738,C00015,2026-01-02T16:27:00,P001,1,80.94,GBP
O001739,C00571,2026-04-22T20:34:00,P003,3,25.0,GBP
O001740,C00404,2026-06-24T15:34:00,P003,3,24.82,GBP
O001741,C00173,2026-06-08T03:20:00,P003,3,25.23,GBP
O001742,C00978,2026-06-15T12:59:00,P003,4,22.7,GBP
O001743,C00586,2026-02-04T22:41:00,P002,1,148.73,GBP
O001744,C00765,2026-02-14T11:21:00,P002,3,155.31,GBP
O001745,C00823,2026-06-12T22:48:00,P003,1,26.95,GBP
O001746,C00816,2026-01-29T22:47:00,P001,3,86.26,GBP
O001747,C00364,2026-04-16T06:04:00,P003,2,27.38,GBP
O001748,C00433,2026-06-18T13:55:00,P004,1,34.44,GBP
O001749,C00805,2026-06-15T19:26:00,P003,3,27.24,GBP
O001750,C00583,2026-04-13T10:18:00,P004,2,31.74,GBP
O001751,C00435,2026-03-10T05:49:00,P003,3,26.7,GBP
O001752,C00778,2026-02-20T05:19:00,P001,3,78.87,GBP
O001753,C00871,2026-02-27T04:47:00,P004,3,35.93,GBP
O001754,C00226,2026-03-18T02:00:00,P002,3,149.34,GBP
O001755,C00153,2026-03-10T06:29:00,P001,1,72.68,GBP
O001756,C00344,2026-06-23T14:02:00,P005,1,85.44,GBP
O001757,C00634,2026-04-04T08:13:00,P001,2,83.95,GBP
O001758,C00168,2026-04-04T05:34:00,P004,4,33.42,GBP
O001759,C00289,2026-04-23T18:44:00,P004,4,31.92,GBP
O001760,C00667,2026-06-10T22:48:00,P004,2,33.52,GBP
O001761,C00519,2026-04-16T21:24:00,P002,1,136.1,GBP
O001762,C00472,2026-05-15T02:42:00,P001,1,83.7,GBP
O001763,C00112,2026-02-04T10:02:00,P003,1,25.11,GBP
O001764,C00381,2026-04-11T20:41:00,P003,1,27.2,GBP
O001765,C00116,2026-05-11T16:27:00,P003,1,26.07,GBP
O001766,C00027,2026-03-13T08:44:00,P005,1,82.24,GBP
O001767,C00674,2026-01-16T14:59:00,P002,1,155.95,GBP
O001768,C00750,2026-03-17T19:27:00,P002,3,164.96,GBP
O001769,C00583,2026-06-03T07:05:00,P001,4,83.4,GBP
O001770,C00297,2026-01-15T09:02:00,P001,1,74.07,GBP
O001771,C00470,2026-01-11T22:54:00,P003,2,25.91,GBP
O001772,C00077,2026-01-08T11:52:00,P003,2,26.42,GBP
O001773,C00091,2026-04-04T17:49:00,P005,3,89.19,GBP
O001774,C00040,2026-04-10T14:10:00,P001,4,84.32,GBP
O001775,C00990,2026-04-02T22:06:00,P001,3,76.27,GBP
O001776,C00535,2026-02-28T11:47:00,P001,1,77.3,GBP
O001777,C00581,2026-03-31T04:06:00,P003,4,26.09,GBP
O001778,C00486,2026-01-14T23:23:00,P002,2,136.94,GBP
O001779,C00553,2026-04-10T03:55:00,P001,1,87.42,GBP
O001780,C00121,2026-01-21T14:49:00,P002,4,160.94,GBP
O001781,C00867,2026-01-25T08:44:00,P002,2,157.53,GBP
O001782,C00270,2026-01-29T01:13:00,P004,4,32.23,GBP
O001783,C00987,2026-03-25T00:21:00,P003,4,27.26,GBP
O001784,C00192,2026-03-23T11:52:00,P002,1,138.64,GBP
O001785,C00509,2026-02-21T17:02:00,P001,1,74.98,GBP
O001786,C00450,2026-02-07T10:59:00,P001,3,80.72,GBP
O001787,C00329,2026-02-15T10:15:00,P001,4,80.77,GBP
O001788,C00737,2026-01-09T20:48:00,P004,2,36.21,GBP
O001789,C00326,2026-02-28T08:00:00,P004,1,31.76,GBP
O001790,C00945,2026-05-30T22:21:00,P005,1,91.34,GBP
O001791,C00854,2026-06-01T03:21:00,P003,1,26.35,GBP
O001792,C00831,2026-06-02T20:51:00,P005,4,83.05,GBP
O001793,C00965,2026-01-29T20:02:00,P002,2,154.84,GBP
O001794,C00529,2026-05-14T15:16:00,P003,3,26.15,GBP
O001795,C00728,2026-06-01T08:46:00,P005,3,83.69,GBP
O001796,C00272,2026-06-12T06:32:00,P003,1,26.03,GBP
O001797,C00153,2026-04-14T14:33:00,P003,4,25.71,GBP
O001798,C00249,2026-05-17T14:47:00,P005,4,96.37,GBP
O001799,C00916,2026-03-13T18:43:00,P001,1,86.05,GBP
O001800,C00343,2026-01-18T05:50:00,P005,2,92.52,GBP
O001801,C00716,2026-04-30T05:03:00,P003,4,23.44,GBP
O001802,C00505,2026-05-01T16:59:00,P005,4,90.29,GBP
O001803,C00467,2026-04-28T17:19:00,P001,1,72.18,GBP
O001804,C00523,2026-06-26T04:35:00,P003,2,27.29,GBP
O001805,C00649,2026-04-02T02:50:00,P002,1,140.72,GBP
O001806,C00364,2026-04-27T19:40:00,P002,2,136.63,GBP
O001807,C00688,2026-03-05T14:45:00,P004,4,32.08,GBP
O001808,C00659,2026-02-11T00:33:00,P001,2,79.13,GBP
O001809,C00604,2026-03-25T03:59:00,P002,4,146.43,GBP
O001810,C00060,2026-06-24T19:11:00,P004,4,38.15,GBP
O001811,C00795,2026-01-29T02:59:00,P001,1,80.86,GBP
O001812,C00690,2026-03-03T21:19:00,P001,2,83.87,GBP
O001813,C00675,2026-06-17T22:55:00,P004,4,34.23,GBP
O001814,C00222,2026-04-16T00:42:00,P005,2,88.5,GBP
O001815,C00224,2026-05-30T20:19:00,P003,4,22.71,GBP
O001816,C00720,2026-04-14T21:56:00,P004,3,34.49,GBP
O001817,C00363,2026-01-06T17:57:00,P001,3,82.37,GBP
O001818,C00852,2026-01-13T23:10:00,P005,2,81.95,GBP
O001819,C00045,2026-04-17T21:21:00,P005,1,84.35,GBP
O001820,C00709,2026-06-01T17:14:00,P001,3,77.61,GBP
O001821,C00913,2026-04-21T10:04:00,P003,3,26.49,GBP
O001822,C00794,2026-01-18T04:19:00,P003,1,23.55,GBP
O001823,C00402,2026-01-13T12:41:00,P001,1,83.18,GBP
O001824,C00451,2026-04-13T03:08:00,P005,1,83.11,GBP
O001825,C00760,2026-03-21T20:51:00,P005,4,84.78,GBP
O001826,C00535,2026-03-09T20:49:00,P001,1,75.78,GBP
O001827,C00461,2026-04-24T09:31:00,P005,1,95.99,GBP
O001828,C00998,2026-01-31T16:19:00,P004,3,34.56,GBP
O001829,C00024,2026-06-27T22:47:00,P001,4,76.46,GBP
O001830,C00348,2026-06-14T06:47:00,P001,4,77.31,GBP
O001831,C00363,2026-06-15T22:41:00,P002,3,161.78,GBP
O001832,C00054,2026-05-18T08:27:00,P005,2,88.08,GBP
O001833,C00970,2026-05-30T02:00:00,P002,3,147.73,GBP
O001834,C00569,2026-04-20T15:05:00,P003,4,26.9,GBP
O001835,C00975,2026-04-05T06:56:00,P003,3,27.2,GBP
O001836,C00255,2026-03-08T22:34:00,P004,2,33.48,GBP
O001837,C00509,2026-01-01T17:41:00,P001,4,74.72,GBP
O001838,C00559,2026-01-12T00:52:00,P002,1,149.77,GBP
O001839,C00877,2026-01-01T03:56:00,P001,2,75.98,GBP
O001840,C00822,2026-01-02T17:09:00,P002,3,160.4,GBP
O001841,C00929,2026-01-25T13:49:00,P001,1,81.55,GBP
O001842,C00591,2026-04-29T11:51:00,P004,3,36.42,GBP
O001843,C00117,2026-04-13T13:36:00,P001,4,80.99,GBP
O001844,C00902,2026-04-12T08:53:00,P003,1,23.82,GBP
O001845,C00288,2026-02-27T20:08:00,P003,4,26.21,GBP
O001846,C00735,2026-01-20T14:49:00,P002,2,138.74,GBP
O001847,C00478,2026-06-26T15:09:00,P002,1,147.94,GBP
O001848,C00349,2026-03-10T22:07:00,P001,4,74.7,GBP
O001849,C00020,2026-02-16T17:51:00,P003,4,26.75,GBP
O001850,C00365,2026-03-26T19:57:00,P002,3,162.07,GBP
O001851,C00393,2026-05-19T17:18:00,P004,2,37.81,GBP
O001852,C00871,2026-02-19T22:49:00,P005,3,89.09,GBP
O001853,C00361,2026-02-18T20:42:00,P001,2,80.51,GBP
O001854,C00239,2026-05-19T10:02:00,P005,1,88.93,GBP
O001855,C00804,2026-06-13T10:22:00,P003,2,23.77,GBP
O001856,C00686,2026-06-23T15:03:00,P002,1,146.32,GBP
O001857,C00636,2026-01-16T17:28:00,P003,2,24.68,GBP
O001858,C00797,2026-04-30T20:34:00,P003,2,24.7,GBP
O001859,C00108,2026-05-16T07:26:00,P003,1,23.39,GBP
O001860,C00014,2026-02-10T09:44:00,P005,4,83.98,GBP
O001861,C00551,2026-03-29T05:21:00,P002,1,143.85,GBP
O001862,C00325,2026-01-18T05:26:00,P001,4,84.08,GBP
O001863,C00504,2026-04-14T00:09:00,P005,4,97.75,GBP
O001864,C00046,2026-01-23T00:40:00,P004,4,38.11,GBP
O001865,C00895,2026-03-23T17:15:00,P005,2,89.01,GBP
O001866,C00723,2026-03-21T04:25:00,P003,3,26.73,GBP
O001867,C00566,2026-02-03T19:40:00,P002,3,151.69,GBP
O001868,C00257,2026-06-29T21:47:00,P001,3,82.04,GBP
O001869,C00740,2026-03-17T21:22:00,P003,2,22.58,GBP
O001870,C00903,2026-05-28T18:47:00,P004,2,32.85,GBP
O001871,C00765,2026-03-06T12:52:00,P004,1,35.71,GBP
O001872,C00536,2026-01-31T08:47:00,P003,4,25.53,GBP
O001873,C00045,2026-02-05T20:39:00,P004,2,37.05,GBP
O001874,C00188,2026-06-25T18:58:00,P002,3,160.96,GBP
O001875,C00679,2026-02-21T00:45:00,P004,1,31.61,GBP
O001876,C00633,2026-01-11T09:56:00,P005,4,93.52,GBP
O001877,C00967,2026-01-06T02:35:00,P003,2,22.8,GBP
O001878,C00934,2026-03-03T09:27:00,P003,2,22.84,GBP
O001879,C00618,2026-06-15T08:35:00,P003,1,23.86,GBP
O001880,C00521,2026-02-23T06:48:00,P004,1,35.41,GBP
O001881,C00312,2026-06-16T16:46:00,P003,3,23.21,GBP
O001882,C00025,2026-04-28T10:31:00,P002,2,150.78,GBP
O001883,C00047,2026-02-21T20:18:00,P003,1,26.62,GBP
O001884,C00666,2026-01-15T15:07:00,P005,4,88.69,GBP
O001885,C00888,2026-03-27T11:24:00,P001,3,72.54,GBP
O001886,C00195,2026-03-23T16:31:00,P004,2,36.48,GBP
O001887,C00402,2026-04-26T07:07:00,P002,1,164.91,GBP
O001888,C00276,2026-02-16T08:38:00,P004,3,33.46,GBP
O001889,C00783,2026-01-24T14:49:00,P002,3,139.49,GBP
O001890,C00448,2026-04-17T02:11:00,P003,2,25.03,GBP
O001891,C00984,2026-06-29T09:01:00,P002,3,147.49,GBP
O001892,C00077,2026-04-24T18:00:00,P002,3,155.85,GBP
O001893,C00763,2026-05-07T16:10:00,P002,4,136.8,GBP
O001894,C00070,2026-03-08T13:20:00,P001,3,73.27,GBP
O001895,C00785,2026-01-23T20:19:00,P004,1,33.64,GBP
O001896,C00063,2026-05-31T05:17:00,P003,2,24.55,GBP
O001897,C00927,2026-06-23T11:15:00,P005,4,92.78,GBP
O001898,C00849,2026-02-02T15:13:00,P005,4,85.48,GBP
O001899,C00490,2026-05-03T13:03:00,P003,2,23.79,GBP
O001900,C00230,2026-03-18T16:04:00,P001,1,76.52,GBP
O001901,C00908,2026-02-19T15:25:00,P003,1,25.78,GBP
O001902,C00799,2026-02-02T18:08:00,P002,3,147.53,GBP
O001903,C00817,2026-06-15T14:43:00,P003,2,23.39,GBP
O001904,C00936,2026-06-20T12:50:00,P004,2,34.02,GBP
O001905,C00466,2026-04-05T08:35:00,P003,3,25.86,GBP
O001906,C00015,2026-03-01T10:24:00,P005,2,92.4,GBP
O001907,C00620,2026-04-25T12:19:00,P005,2,87.43,GBP
O001908,C00409,2026-06-18T10:11:00,P002,1,140.43,GBP
O001909,C00877,2026-05-29T08:56:00,P004,3,31.73,GBP
O001910,C00907,2026-03-08T16:53:00,P004,2,34.0,GBP
O001911,C00625,2026-06-19T00:22:00,P001,4,87.11,GBP
O001912,C00395,2026-06-26T20:42:00,P002,1,160.03,GBP
O001913,C00280,2026-03-03T17:27:00,P005,2,86.95,GBP
O001914,C00887,2026-05-13T15:23:00,P001,3,85.61,GBP
O001915,C00788,2026-06-26T17:40:00,P002,3,143.13,GBP
O001916,C00231,2026-01-07T04:29:00,P005,4,92.15,GBP
O001917,C00921,2026-03-03T18:44:00,P003,2,24.04,GBP
O001918,C00823,2026-03-13T02:04:00,P002,3,153.45,GBP
O001919,C00840,2026-05-18T00:15:00,P003,4,25.98,GBP
O001920,C00720,2026-06-10T21:09:00,P005,1,92.44,GBP
O001921,C00553,2026-04-26T13:40:00,P002,3,161.64,GBP
O001922,C00961,2026-06-18T05:56:00,P004,4,32.65,GBP
O001923,C00825,2026-04-30T03:32:00,P001,4,77.61,GBP
O001924,C00199,2026-05-03T18:19:00,P001,4,77.45,GBP
O001925,C00126,2026-04-14T05:21:00,P001,2,83.84,GBP
O001926,C00388,2026-05-02T02:55:00,P002,4,157.25,GBP
O001927,C00203,2026-01-17T09:57:00,P001,2,83.17,GBP
O001928,C00928,2026-01-20T19:25:00,P001,4,78.36,GBP
O001929,C00888,2026-01-31T14:28:00,P002,4,144.31,GBP
O001930,C00633,2026-05-20T17:50:00,P005,4,92.56,GBP
O001931,C00492,2026-04-11T05:52:00,P001,2,80.03,GBP
O001932,C00320,2026-04-29T19:26:00,P002,4,138.77,GBP
O001933,C00415,2026-06-16T18:50:00,P004,4,34.57,GBP
O001934,C00105,2026-04-11T15:07:00,P001,3,82.2,GBP
O001935,C00472,2026-06-06T04:48:00,P003,3,24.77,GBP
O001936,C00709,2026-02-14T06:33:00,P003,1,27.47,GBP
O001937,C00027,2026-06-08T06:27:00,P003,2,26.28,GBP
O001938,C00796,2026-04-24T08:09:00,P003,2,24.2,GBP
O001939,C00293,2026-05-03T03:16:00,P001,3,77.52,GBP
O001940,C00531,2026-02-17T06:10:00,P001,3,80.91,GBP
O001941,C00087,2026-04-24T03:08:00,P005,4,98.41,GBP
O001942,C00843,2026-01-07T14:50:00,P004,4,34.8,GBP
O001943,C00999,2026-06-20T20:40:00,P002,1,159.79,GBP
O001944,C00215,2026-01-25T13:21:00,P003,2,24.05,GBP
O001945,C00198,2026-04-13T10:06:00,P002,1,145.45,GBP
O001946,C00876,2026-02-27T12:18:00,P002,2,142.28,GBP
O001947,C00835,2026-01-23T01:07:00,P001,3,74.56,GBP
O001948,C00715,2026-04-14T15:23:00,P003,1,26.34,GBP
O001949,C00300,2026-05-29T20:05:00,P005,4,87.44,GBP
O001950,C00483,2026-01-11T07:56:00,P001,4,83.24,GBP
O001951,C00002,2026-04-03T14:37:00,P005,2,92.83,GBP
O001952,C00379,2026-05-22T06:41:00,P002,3,136.22,GBP
O001953,C00821,2026-02-25T11:15:00,P003,2,24.34,GBP
O001954,C00805,2026-04-12T16:04:00,P005,2,90.18,GBP
O001955,C00448,2026-05-09T14:47:00,P002,3,147.57,GBP
O001956,C00686,2026-03-21T10:33:00,P005,1,90.13,GBP
O001957,C00032,2026-06-19T13:46:00,P002,4,157.54,GBP
O001958,C00881,2026-04-25T06:35:00,P005,1,83.5,GBP
O001959,C00387,2026-01-06T09:22:00,P002,3,161.02,GBP
O001960,C00151,2026-06-07T20:48:00,P002,1,157.68,GBP
O001961,C00629,2026-02-14T09:05:00,P004,2,33.33,GBP
O001962,C00658,2026-06-11T11:38:00,P001,4,78.88,GBP
O001963,C00555,2026-02-13T02:02:00,P005,2,91.41,GBP
O001964,C00515,2026-05-03T04:35:00,P001,1,73.5,GBP
O001965,C00221,2026-05-11T05:09:00,P005,2,92.06,GBP
O001966,C00602,2026-06-02T01:23:00,P001,1,77.9,GBP
O001967,C00800,2026-06-20T23:07:00,P003,3,25.6,GBP
O001968,C00502,2026-04-20T02:41:00,P004,1,35.4,GBP
O001969,C00741,2026-06-10T13:15:00,P005,2,81.61,GBP
O001970,C00040,2026-03-21T01:03:00,P001,3,85.82,GBP
O001971,C00699,2026-06-28T09:13:00,P004,1,35.14,GBP
O001972,C00824,2026-06-29T06:50:00,P001,3,85.11,GBP
O001973,C00217,2026-03-03T14:12:00,P001,4,86.64,GBP
O001974,C00269,2026-02-20T06:20:00,P001,1,83.76,GBP
O001975,C00123,2026-03-30T09:04:00,P005,2,86.97,GBP
O001976,C00592,2026-01-21T23:19:00,P004,1,35.66,GBP
O001977,C00611,2026-04-08T21:12:00,P001,1,81.63,GBP
O001978,C00241,2026-04-08T09:59:00,P001,4,79.83,GBP
O001979,C00325,2026-06-29T19:25:00,P002,3,135.53,GBP
O001980,C00588,2026-03-19T18:30:00,P002,1,158.57,GBP
O001981,C00923,2026-05-26T00:55:00,P001,1,78.72,GBP
O001982,C00110,2026-01-22T11:36:00,P002,4,164.69,GBP
O001983,C00019,2026-06-09T13:08:00,P003,3,23.54,GBP
O001984,C00373,2026-06-11T06:40:00,P003,4,26.96,GBP
O001985,C00213,2026-02-02T02:00:00,P001,4,85.59,GBP
O001986,C00035,2026-01-30T12:41:00,P002,1,145.03,GBP
O001987,C00368,2026-02-26T06:06:00,P003,2,27.32,GBP
O001988,C00950,2026-03-20T23:06:00,P005,1,90.83,GBP
O001989,C00885,2026-03-18T20:20:00,P004,4,31.79,GBP
O001990,C00283,2026-05-22T23:55:00,P003,1,24.1,GBP
O001991,C00700,2026-04-14T19:27:00,P002,3,139.88,GBP
O001992,C00033,2026-03-27T21:47:00,P004,3,36.79,GBP
O001993,C00103,2026-01-21T21:51:00,P005,2,84.68,GBP
O001994,C00581,2026-01-26T21:23:00,P001,1,75.74,GBP
O001995,C00711,2026-04-12T13:39:00,P004,1,34.57,GBP
O001996,C00640,2026-06-23T12:17:00,P002,3,137.17,GBP
O001997,C00693,2026-05-10T12:55:00,P005,1,96.75,GBP
O001998,C00268,2026-06-27T06:27:00,P005,1,85.68,GBP
O001999,C00034,2026-05-12T23:06:00,P005,2,91.56,GBP
O002000,C00335,2026-05-19T21:39:00,P003,2,24.91,GBP
O002001,C00624,2026-05-20T01:32:00,P002,2,149.34,GBP
O002002,C00464,2026-05-01T07:02:00,P001,3,74.45,GBP
O002003,C00991,2026-05-22T18:56:00,P004,3,35.46,GBP
O002004,C00532,2026-04-01T07:00:00,P001,4,79.3,GBP
O002005,C00971,2026-05-22T02:39:00,P002,1,142.68,GBP
O002006,C00741,2026-06-01T11:54:00,P001,1,86.78,GBP
O002007,C00328,2026-01-15T02:27:00,P005,4,82.81,GBP
O002008,C00077,2026-05-07T01:08:00,P001,3,72.59,GBP
O002009,C00528,2026-04-02T10:23:00,P001,2,83.57,GBP
O002010,C00699,2026-02-19T22:42:00,P003,1,25.02,GBP
O002011,C00009,2026-05-30T09:42:00,P003,3,23.32,GBP
O002012,C00906,2026-03-05T23:53:00,P005,3,87.92,GBP
O002013,C00863,2026-04-03T14:43:00,P001,1,76.34,GBP
O002014,C00960,2026-02-09T22:38:00,P005,1,90.75,GBP
O002015,C00065,2026-01-15T20:53:00,P002,1,154.83,GBP
O002016,C00342,2026-02-07T20:05:00,P003,4,23.03,GBP
O002017,C00113,2026-01-29T03:17:00,P003,2,25.07,GBP
O002018,C00162,2026-03-06T01:17:00,P005,3,88.3,GBP
O002019,C00951,2026-02-04T23:06:00,P004,2,37.18,GBP
O002020,C00127,2026-04-10T14:05:00,P005,1,86.36,GBP
O002021,C00939,2026-06-29T21:44:00,P001,1,72.02,GBP
O002022,C00169,2026-02-23T07:29:00,P001,4,73.95,GBP
O002023,C00594,2026-04-08T11:30:00,P003,4,25.62,GBP
O002024,C00667,2026-04-29T08:23:00,P002,2,141.63,GBP
O002025,C00398,2026-05-10T10:29:00,P001,3,76.69,GBP
O002026,C00289,2026-04-11T05:47:00,P002,1,159.05,GBP
O002027,C00768,2026-05-05T09:00:00,P005,3,92.57,GBP
O002028,C00205,2026-05-12T23:00:00,P005,1,95.01,GBP
O002029,C00351,2026-06-07T12:32:00,P001,3,81.83,GBP
O002030,C00166,2026-05-15T21:52:00,P001,2,78.97,GBP
O002031,C00407,2026-02-09T11:18:00,P004,1,34.93,GBP
O002032,C00027,2026-06-29T17:07:00,P004,3,32.79,GBP
O002033,C00977,2026-02-01T01:43:00,P003,3,25.4,GBP
O002034,C00759,2026-04-28T19:32:00,P005,1,94.45,GBP
O002035,C00383,2026-03-28T11:28:00,P001,3,80.82,GBP
O002036,C00736,2026-04-05T05:42:00,P005,2,88.63,GBP
O002037,C00642,2026-03-23T04:47:00,P002,2,137.87,GBP
O002038,C00132,2026-05-22T10:25:00,P002,4,142.93,GBP
O002039,C00949,2026-06-14T22:52:00,P002,1,151.99,GBP
O002040,C00680,2026-02-11T00:46:00,P002,4,153.51,GBP
O002041,C00177,2026-04-09T10:43:00,P001,2,82.45,GBP
O002042,C00737,2026-03-09T04:58:00,P001,3,76.99,GBP
O002043,C00862,2026-05-06T17:36:00,P001,2,87.79,GBP
O002044,C00110,2026-03-16T12:23:00,P004,3,32.45,GBP
O002045,C00233,2026-01-16T07:27:00,P001,3,86.13,GBP
O002046,C00871,2026-01-17T07:29:00,P001,1,72.23,GBP
O002047,C00216,2026-01-17T09:36:00,P004,3,33.61,GBP
O002048,C00190,2026-01-22T09:37:00,P002,4,148.94,GBP
O002049,C00515,2026-06-23T23:06:00,P001,3,87.42,GBP
O002050,C00344,2026-06-19T21:03:00,P002,4,157.16,GBP
O002051,C00989,2026-05-02T00:48:00,P002,3,147.81,GBP
O002052,C00577,2026-04-30T13:38:00,P005,4,97.82,GBP
O002053,C00628,2026-05-30T17:41:00,P004,3,36.36,GBP
O002054,C00413,2026-06-21T20:11:00,P004,3,36.03,GBP
O002055,C00080,2026-01-17T07:13:00,P003,4,22.57,GBP
O002056,C00708,2026-04-22T09:53:00,P005,4,92.2,GBP
O002057,C00172,2026-06-29T15:15:00,P004,4,32.82,GBP
O002058,C00519,2026-01-07T01:22:00,P004,1,32.28,GBP
O002059,C00631,2026-03-14T17:02:00,P003,3,22.73,GBP
O002060,C00651,2026-02-17T04:22:00,P001,2,73.51,GBP
O002061,C00906,2026-05-04T00:16:00,P003,3,23.2,GBP
O002062,C00955,2026-05-26T07:37:00,P002,2,154.46,GBP
O002063,C00216,2026-05-22T02:55:00,P003,1,23.65,GBP
O002064,C00417,2026-01-20T14:43:00,P004,4,36.66,GBP
O002065,C00315,2026-06-23T10:29:00,P004,1,35.57,GBP
O002066,C00500,2026-01-30T03:49:00,P005,3,98.92,GBP
O002067,C00920,2026-01-18T03:45:00,P001,4,77.91,GBP
O002068,C00132,2026-03-03T19:53:00,P001,4,86.61,GBP
O002069,C00121,2026-03-24T22:05:00,P003,4,27.17,GBP
O002070,C00011,2026-02-16T13:43:00,P003,4,23.14,GBP
O002071,C00891,2026-02-15T10:19:00,P003,3,26.47,GBP
O002072,C00729,2026-04-07T19:49:00,P002,3,148.37,GBP
O002073,C00473,2026-06-15T18:49:00,P004,1,33.92,GBP
O002074,C00532,2026-06-21T00:47:00,P003,4,25.72,GBP
O002075,C00643,2026-01-17T02:18:00,P004,3,35.19,GBP
O002076,C00286,2026-01-13T02:03:00,P002,3,156.99,GBP
O002077,C00793,2026-05-11T20:33:00,P003,3,23.34,GBP
O002078,C00960,2026-03-01T15:04:00,P005,4,95.85,GBP
O002079,C00400,2026-04-20T01:46:00,P003,4,24.04,GBP
O002080,C00805,2026-04-28T03:59:00,P001,1,80.61,GBP
O002081,C00417,2026-01-18T17:57:00,P002,4,157.18,GBP
O002082,C00661,2026-02-26T10:05:00,P004,4,34.74,GBP
O002083,C00449,2026-05-13T09:57:00,P003,4,25.99,GBP
O002084,C00918,2026-03-02T23:36:00,P002,1,154.26,GBP
O002085,C00656,2026-05-13T17:44:00,P001,4,77.07,GBP
O002086,C00335,2026-03-14T04:07:00,P002,3,158.72,GBP
O002087,C00643,2026-06-12T12:00:00,P003,4,25.8,GBP
O002088,C00653,2026-01-08T15:42:00,P005,1,95.1,GBP
O002089,C00488,2026-04-24T21:54:00,P001,3,85.31,GBP
O002090,C00346,2026-02-23T00:54:00,P001,2,73.13,GBP
O002091,C00107,2026-03-09T03:33:00,P002,3,149.11,GBP
O002092,C00602,2026-02-14T03:42:00,P002,3,152.23,GBP
O002093,C00392,2026-04-25T23:34:00,P002,3,142.74,GBP
O002094,C00375,2026-03-29T22:02:00,P002,1,144.79,GBP
O002095,C00511,2026-05-01T09:51:00,P005,3,87.38,GBP
O002096,C00160,2026-06-16T13:46:00,P003,3,27.05,GBP
O002097,C00222,2026-04-23T10:30:00,P002,2,150.15,GBP
O002098,C00801,2026-02-09T00:48:00,P002,3,138.81,GBP
O002099,C00075,2026-01-01T14:16:00,P003,4,27.01,GBP
O002100,C00043,2026-04-28T05:31:00,P004,1,33.87,GBP
O002101,C00977,2026-06-25T03:38:00,P003,4,25.06,GBP
O002102,C00049,2026-06-09T14:02:00,P004,4,38.14,GBP
O002103,C00175,2026-04-06T01:08:00,P001,2,81.17,GBP
O002104,C00998,2026-01-31T19:33:00,P003,2,24.44,GBP
O002105,C00809,2026-02-15T02:01:00,P003,4,26.15,GBP
O002106,C00746,2026-03-30T01:25:00,P004,4,37.74,GBP
O002107,C00933,2026-06-10T03:52:00,P003,3,27.07,GBP
O002108,C00280,2026-06-21T11:59:00,P002,3,141.51,GBP
O002109,C00595,2026-03-09T02:27:00,P001,1,86.48,GBP
O002110,C00820,2026-01-09T23:07:00,P002,4,135.99,GBP
O002111,C00504,2026-04-14T01:09:00,P003,4,22.78,GBP
O002112,C00148,2026-03-04T06:21:00,P001,1,85.37,GBP
O002113,C00714,2026-04-30T10:45:00,P001,4,81.63,GBP
O002114,C00605,2026-02-15T19:40:00,P004,4,31.68,GBP
O002115,C00363,2026-03-01T02:45:00,P003,2,25.88,GBP
O002116,C00277,2026-02-15T06:07:00,P001,1,79.91,GBP
O002117,C00924,2026-03-15T07:24:00,P001,1,84.63,GBP
O002118,C00955,2026-04-27T15:36:00,P002,4,139.97,GBP
O002119,C00260,2026-06-08T20:23:00,P003,2,27.05,GBP
O002120,C00752,2026-04-13T16:36:00,P003,4,23.31,GBP
O002121,C00034,2026-01-22T16:35:00,P004,4,38.38,GBP
O002122,C00684,2026-05-16T15:22:00,P002,1,162.16,GBP
O002123,C00121,2026-01-27T02:10:00,P002,3,135.98,GBP
O002124,C00177,2026-06-25T19:48:00,P002,2,163.34,GBP
O002125,C00373,2026-02-12T05:02:00,P002,3,148.95,GBP
O002126,C00046,2026-03-11T09:46:00,P005,4,95.42,GBP
O002127,C00669,2026-03-03T21:28:00,P002,4,142.91,GBP
O002128,C00563,2026-03-06T13:59:00,P001,1,76.45,GBP
O002129,C00949,2026-02-13T14:16:00,P001,3,78.33,GBP
O002130,C00333,2026-06-11T10:36:00,P002,2,149.0,GBP
O002131,C00202,2026-06-18T20:04:00,P005,2,89.43,GBP
O002132,C00124,2026-03-18T22:52:00,P004,4,32.03,GBP
O002133,C00628,2026-01-09T10:38:00,P004,1,36.18,GBP
O002134,C00052,2026-02-08T20:50:00,P004,3,36.12,GBP
O002135,C00270,2026-03-17T02:49:00,P005,3,94.46,GBP
O002136,C00204,2026-05-06T15:52:00,P001,4,74.66,GBP
O002137,C00470,2026-01-09T11:16:00,P001,4,75.28,GBP
O002138,C00798,2026-02-13T08:06:00,P004,3,37.21,GBP
O002139,C00407,2026-06-20T09:09:00,P003,4,27.4,GBP
O002140,C00010,2026-03-17T18:20:00,P003,1,26.85,GBP
O002141,C00600,2026-06-01T01:04:00,P004,4,33.73,GBP
O002142,C00750,2026-03-02T06:00:00,P002,4,155.19,GBP
O002143,C00620,2026-01-19T03:56:00,P001,3,85.02,GBP
O002144,C00117,2026-02-16T11:51:00,P005,4,93.8,GBP
O002145,C00183,2026-05-29T02:38:00,P004,2,35.67,GBP
O002146,C00782,2026-02-07T04:27:00,P005,3,83.55,GBP
O002147,C00253,2026-05-20T08:46:00,P001,3,80.82,GBP
O002148,C00810,2026-05-03T13:19:00,P001,3,79.83,GBP
O002149,C00696,2026-05-05T05:31:00,P002,3,155.09,GBP
O002150,C00861,2026-05-14T17:45:00,P002,1,148.07,GBP
O002151,C00512,2026-05-30T19:06:00,P002,3,142.04,GBP
O002152,C00049,2026-05-12T06:51:00,P002,2,149.15,GBP
O002153,C00402,2026-06-12T03:50:00,P003,2,26.66,GBP
O002154,C00873,2026-04-10T14:09:00,P005,1,88.29,GBP
O002155,C00556,2026-01-06T16:25:00,P005,3,87.64,GBP
O002156,C00245,2026-01-14T00:51:00,P001,2,74.97,GBP
O002157,C00497,2026-04-04T00:27:00,P005,4,84.62,GBP
O002158,C00675,2026-01-05T09:35:00,P004,2,37.61,GBP
O002159,C00574,2026-01-10T08:00:00,P002,1,148.57,GBP
O002160,C00272,2026-02-06T23:17:00,P001,4,75.45,GBP
O002161,C00296,2026-04-26T06:01:00,P004,2,37.28,GBP
O002162,C00593,2026-02-14T21:32:00,P002,3,155.55,GBP
O002163,C00896,2026-05-27T11:11:00,P003,4,23.28,GBP
O002164,C00760,2026-02-02T20:50:00,P002,2,156.86,GBP
O002165,C00963,2026-04-12T19:35:00,P005,3,84.85,GBP
O002166,C00031,2026-06-23T16:05:00,P002,1,158.94,GBP
O002167,C00801,2026-06-07T11:47:00,P005,4,90.03,GBP
O002168,C00943,2026-01-20T22:41:00,P005,1,81.45,GBP
O002169,C00615,2026-05-17T19:09:00,P001,2,76.19,GBP
O002170,C00237,2026-04-11T06:02:00,P004,3,32.52,GBP
O002171,C00797,2026-03-19T11:14:00,P002,3,140.56,GBP
O002172,C00617,2026-03-08T04:38:00,P004,2,34.91,GBP
O002173,C00707,2026-06-30T16:31:00,P002,2,140.55,GBP
O002174,C00105,2026-03-22T11:53:00,P002,1,139.37,GBP
O002175,C00796,2026-01-25T13:23:00,P005,2,96.56,GBP
O002176,C00796,2026-02-17T19:20:00,P004,1,33.27,GBP
O002177,C00088,2026-06-30T22:42:00,P004,1,33.86,GBP
O002178,C00433,2026-01-02T18:39:00,P004,3,32.71,GBP
O002179,C00854,2026-06-01T11:05:00,P001,4,75.59,GBP
O002180,C00437,2026-01-02T11:38:00,P004,2,33.76,GBP
O002181,C00657,2026-05-28T13:51:00,P004,4,36.7,GBP
O002182,C00068,2026-06-24T03:11:00,P005,2,82.53,GBP
O002183,C00675,2026-01-01T15:28:00,P002,1,140.79,GBP
O002184,C00597,2026-01-23T18:20:00,P003,3,27.36,GBP
O002185,C00949,2026-04-04T01:51:00,P004,4,38.05,GBP
O002186,C00595,2026-06-27T22:40:00,P005,1,87.11,GBP
O002187,C00994,2026-04-07T15:38:00,P004,3,36.03,GBP
O002188,C00364,2026-06-08T21:07:00,P005,4,82.34,GBP
O002189,C00845,2026-04-16T19:58:00,P004,2,34.33,GBP
O002190,C00142,2026-02-20T12:54:00,P003,3,27.41,GBP
O002191,C00703,2026-01-27T09:52:00,P002,1,148.5,GBP
O002192,C00756,2026-03-10T06:43:00,P003,3,27.36,GBP
O002193,C00622,2026-01-27T14:16:00,P002,1,147.88,GBP
O002194,C00510,2026-04-30T16:01:00,P003,3,26.03,GBP
O002195,C00152,2026-02-16T04:57:00,P001,3,85.71,GBP
O002196,C00135,2026-06-15T03:40:00,P005,2,96.13,GBP
O002197,C00997,2026-05-12T03:09:00,P005,2,81.5,GBP
O002198,C00264,2026-04-24T06:57:00,P001,1,79.25,GBP
O002199,C00033,2026-06-19T06:01:00,P005,2,97.7,GBP
O002200,C00747,2026-05-24T11:09:00,P001,2,80.09,GBP
O002201,C00241,2026-02-13T16:10:00,P001,3,72.38,GBP
O002202,C00213,2026-03-24T02:59:00,P002,4,144.53,GBP
O002203,C00750,2026-02-21T22:56:00,P003,1,27.47,GBP
O002204,C00714,2026-04-23T02:39:00,P005,1,93.12,GBP
O002205,C00916,2026-04-08T07:51:00,P002,3,157.78,GBP
O002206,C00457,2026-06-10T02:54:00,P003,2,26.85,GBP
O002207,C00249,2026-06-13T21:37:00,P005,2,98.0,GBP
O002208,C00332,2026-03-19T03:40:00,P004,2,37.1,GBP
O002209,C00706,2026-06-22T05:01:00,P001,2,78.36,GBP
O002210,C00584,2026-06-15T20:12:00,P003,1,24.2,GBP
O002211,C00178,2026-05-12T10:21:00,P003,4,24.79,GBP
O002212,C00587,2026-06-25T03:24:00,P005,1,92.94,GBP
O002213,C00438,2026-02-15T12:36:00,P003,2,25.47,GBP
O002214,C00110,2026-03-19T10:59:00,P002,3,156.88,GBP
O002215,C00103,2026-02-21T07:24:00,P005,1,98.38,GBP
O002216,C00806,2026-02-27T14:08:00,P004,4,36.34,GBP
O002217,C00084,2026-04-21T03:25:00,P004,3,37.27,GBP
O002218,C00280,2026-03-03T07:43:00,P004,4,36.26,GBP
O002219,C00771,2026-06-21T23:41:00,P002,1,146.47,GBP
O002220,C00131,2026-05-08T23:55:00,P003,4,24.91,GBP
O002221,C00621,2026-04-06T08:10:00,P001,4,74.78,GBP
O002222,C00809,2026-05-16T20:18:00,P003,4,26.77,GBP
O002223,C00637,2026-04-26T04:47:00,P005,2,88.66,GBP
O002224,C00875,2026-01-14T09:18:00,P001,2,80.86,GBP
O002225,C00628,2026-02-20T02:13:00,P005,1,94.6,GBP
O002226,C00661,2026-04-07T15:08:00,P005,4,97.65,GBP
O002227,C00322,2026-06-26T19:03:00,P004,4,36.32,GBP
O002228,C00988,2026-03-08T00:29:00,P001,2,81.71,GBP
O002229,C00654,2026-04-04T11:45:00,P002,4,161.3,GBP
O002230,C00998,2026-03-27T11:08:00,P001,1,76.16,GBP
O002231,C00445,2026-01-29T10:04:00,P002,3,151.23,GBP
O002232,C00051,2026-02-28T20:34:00,P004,4,32.37,GBP
O002233,C00489,2026-03-28T09:36:00,P003,1,24.69,GBP
O002234,C00596,2026-03-17T03:02:00,P003,1,23.14,GBP
O002235,C00632,2026-04-01T13:23:00,P002,1,147.25,GBP
O002236,C00224,2026-05-11T11:16:00,P003,2,23.29,GBP
O002237,C00195,2026-01-30T07:10:00,P002,4,153.52,GBP
O002238,C00498,2026-05-12T07:22:00,P003,3,23.5,GBP
O002239,C00549,2026-06-29T23:19:00,P003,1,25.58,GBP
O002240,C00893,2026-06-05T15:48:00,P004,3,34.36,GBP
O002241,C00525,2026-04-11T22:26:00,P005,3,83.66,GBP
O002242,C00730,2026-06-15T23:48:00,P003,4,23.62,GBP
O002243,C00201,2026-04-18T13:49:00,P002,1,150.07,GBP
O002244,C00079,2026-04-29T03:57:00,P004,2,34.09,GBP
O002245,C00989,2026-06-13T11:41:00,P005,3,94.62,GBP
O002246,C00200,2026-06-05T09:11:00,P003,4,26.52,GBP
O002247,C00682,2026-05-26T17:47:00,P005,2,87.05,GBP
O002248,C00622,2026-03-09T18:22:00,P004,1,33.14,GBP
O002249,C00622,2026-05-27T15:45:00,P002,3,150.61,GBP
O002250,C00712,2026-06-10T09:26:00,P001,2,79.14,GBP
O002251,C00718,2026-06-07T10:12:00,P002,1,137.55,GBP
O002252,C00270,2026-02-10T02:25:00,P003,1,23.75,GBP
O002253,C00594,2026-04-13T15:47:00,P004,2,32.52,GBP
O002254,C00564,2026-04-03T16:52:00,P003,1,22.66,GBP
O002255,C00972,2026-04-05T05:25:00,P004,4,35.95,GBP
O002256,C00951,2026-01-06T06:51:00,P003,4,23.75,GBP
O002257,C00442,2026-04-08T07:54:00,P001,4,87.42,GBP
O002258,C00585,2026-06-05T16:40:00,P003,1,22.88,GBP
O002259,C00597,2026-01-08T13:29:00,P003,1,26.32,GBP
O002260,C00637,2026-03-14T00:47:00,P004,2,32.68,GBP
O002261,C00288,2026-04-15T03:30:00,P003,3,26.12,GBP
O002262,C00122,2026-01-17T17:02:00,P001,2,80.2,GBP
O002263,C00143,2026-01-14T20:03:00,P002,1,159.68,GBP
O002264,C00776,2026-06-29T07:11:00,P005,2,81.5,GBP
O002265,C00600,2026-06-26T12:08:00,P001,1,73.02,GBP
O002266,C00312,2026-04-23T08:45:00,P004,1,32.73,GBP
O002267,C00726,2026-03-30T12:38:00,P003,4,23.12,GBP
O002268,C00517,2026-02-18T23:41:00,P005,4,81.49,GBP
O002269,C00354,2026-05-03T23:58:00,P003,3,24.06,GBP
O002270,C00291,2026-02-04T13:02:00,P002,2,140.86,GBP
O002271,C00796,2026-06-12T19:02:00,P005,4,97.04,GBP
O002272,C00351,2026-01-17T19:28:00,P001,3,75.31,GBP
O002273,C00575,2026-02-21T01:48:00,P005,1,83.47,GBP
O002274,C00214,2026-01-11T04:00:00,P004,4,37.05,GBP
O002275,C00678,2026-03-07T22:34:00,P003,1,26.51,GBP
O002276,C00207,2026-04-04T21:48:00,P005,3,85.37,GBP
O002277,C00950,2026-01-31T16:33:00,P004,2,36.66,GBP
O002278,C00209,2026-03-14T23:27:00,P002,1,163.05,GBP
O002279,C00981,2026-06-30T15:29:00,P001,2,80.74,GBP
O002280,C00852,2026-01-26T21:21:00,P005,4,83.86,GBP
O002281,C00687,2026-01-05T14:48:00,P002,2,152.06,GBP
O002282,C00069,2026-05-16T12:50:00,P004,1,38.43,GBP
O002283,C00692,2026-01-22T22:34:00,P001,1,80.69,GBP
O002284,C00158,2026-03-02T18:29:00,P005,4,85.33,GBP
O002285,C00592,2026-06-24T16:22:00,P001,2,84.32,GBP
O002286,C00817,2026-06-21T12:08:00,P004,3,35.75,GBP
O002287,C00246,2026-04-02T14:26:00,P003,1,23.84,GBP
O002288,C00926,2026-01-18T20:40:00,P002,4,145.45,GBP
O002289,C00711,2026-02-17T17:51:00,P004,4,33.23,GBP
O002290,C00167,2026-03-20T00:34:00,P002,3,141.94,GBP
O002291,C00992,2026-06-09T04:54:00,P001,4,75.6,GBP
O002292,C00649,2026-03-30T21:15:00,P001,1,76.17,GBP
O002293,C00622,2026-01-12T20:31:00,P001,3,82.47,GBP
O002294,C00786,2026-05-03T04:43:00,P005,2,97.1,GBP
O002295,C00630,2026-03-29T08:02:00,P005,1,98.1,GBP
O002296,C00026,2026-04-09T16:24:00,P002,2,141.6,GBP
O002297,C00456,2026-04-09T10:55:00,P002,3,163.43,GBP
O002298,C00554,2026-06-21T01:47:00,P002,4,155.76,GBP
O002299,C00401,2026-05-14T21:01:00,P005,2,93.67,GBP
O002300,C00986,2026-05-23T12:21:00,P005,3,87.2,GBP
O002301,C00757,2026-02-16T00:55:00,P001,1,72.02,GBP
O002302,C00650,2026-06-29T23:38:00,P003,3,25.88,GBP
O002303,C00793,2026-03-20T18:47:00,P003,2,24.95,GBP
O002304,C00005,2026-04-25T09:15:00,P001,4,77.85,GBP
O002305,C00015,2026-02-18T23:09:00,P002,4,140.09,GBP
O002306,C00468,2026-03-26T21:00:00,P005,3,81.97,GBP
O002307,C00797,2026-03-06T21:24:00,P005,2,97.88,GBP
O002308,C00588,2026-01-20T00:53:00,P002,3,140.27,GBP
O002309,C00109,2026-01-14T07:50:00,P004,1,32.41,GBP
O002310,C00057,2026-02-08T20:23:00,P004,3,32.7,GBP
O002311,C00838,2026-04-25T11:09:00,P003,1,26.91,GBP
O002312,C00160,2026-04-21T07:19:00,P004,1,31.88,GBP
O002313,C00506,2026-06-05T14:33:00,P002,1,141.23,GBP
O002314,C00816,2026-02-16T05:24:00,P003,4,23.01,GBP
O002315,C00440,2026-04-22T18:10:00,P005,1,91.99,GBP
O002316,C00928,2026-02-12T16:41:00,P003,1,24.58,GBP
O002317,C00874,2026-02-23T07:18:00,P003,3,24.31,GBP
O002318,C00576,2026-02-15T21:48:00,P005,4,98.03,GBP
O002319,C00960,2026-03-31T13:34:00,P002,2,136.91,GBP
O002320,C00613,2026-03-25T20:25:00,P001,3,81.33,GBP
O002321,C00896,2026-03-18T02:33:00,P003,2,24.98,GBP
O002322,C00780,2026-04-23T14:35:00,P002,2,157.65,GBP
O002323,C00358,2026-04-17T09:58:00,P005,4,87.36,GBP
O002324,C00932,2026-03-21T16:59:00,P004,3,34.41,GBP
O002325,C00921,2026-06-19T11:02:00,P004,1,34.89,GBP
O002326,C00330,2026-01-31T19:08:00,P004,1,37.52,GBP
O002327,C00406,2026-04-29T20:26:00,P005,3,88.43,GBP
O002328,C00886,2026-03-28T02:16:00,P001,1,77.98,GBP
O002329,C00321,2026-06-07T04:41:00,P003,4,24.55,GBP
O002330,C00003,2026-03-21T05:39:00,P004,4,33.33,GBP
O002331,C00633,2026-04-02T01:34:00,P005,3,81.84,GBP
O002332,C00706,2026-04-12T13:54:00,P001,4,83.07,GBP
O002333,C00226,2026-05-10T06:15:00,P005,3,87.67,GBP
O002334,C00105,2026-04-17T04:51:00,P004,2,33.8,GBP
O002335,C00029,2026-06-13T20:58:00,P002,2,140.41,GBP
O002336,C00113,2026-02-17T07:39:00,P005,3,81.22,GBP
O002337,C00272,2026-06-29T13:02:00,P002,4,161.93,GBP
O002338,C00250,2026-03-24T03:16:00,P003,3,25.05,GBP
O002339,C00605,2026-05-01T21:30:00,P001,1,77.03,GBP
O002340,C00135,2026-06-22T20:23:00,P003,2,23.87,GBP
O002341,C00748,2026-05-20T10:41:00,P002,2,161.92,GBP
O002342,C00340,2026-05-09T22:33:00,P003,1,25.34,GBP
O002343,C00444,2026-06-01T11:51:00,P002,3,163.31,GBP
O002344,C00147,2026-02-04T18:46:00,P004,3,36.06,GBP
O002345,C00082,2026-02-03T00:14:00,P005,1,93.46,GBP
O002346,C00562,2026-01-23T16:56:00,P003,4,26.26,GBP
O002347,C00256,2026-01-17T04:10:00,P001,4,76.58,GBP
O002348,C00245,2026-02-23T14:27:00,P001,1,81.02,GBP
O002349,C00952,2026-01-14T10:44:00,P001,3,76.5,GBP
O002350,C00620,2026-04-10T21:40:00,P001,4,81.88,GBP
O002351,C00922,2026-06-16T09:11:00,P001,3,72.44,GBP
O002352,C00632,2026-05-06T12:31:00,P005,3,84.73,GBP
O002353,C00367,2026-06-03T09:18:00,P002,3,137.66,GBP
O002354,C00167,2026-01-05T23:04:00,P005,1,97.28,GBP
O002355,C00898,2026-05-12T06:22:00,P005,4,92.28,GBP
O002356,C00329,2026-03-11T19:27:00,P001,4,85.32,GBP
O002357,C00179,2026-03-25T11:13:00,P001,3,83.29,GBP
O002358,C00123,2026-03-27T04:07:00,P005,2,81.86,GBP
O002359,C00469,2026-04-05T15:16:00,P004,4,38.36,GBP
O002360,C00849,2026-05-29T12:56:00,P001,4,87.78,GBP
O002361,C00095,2026-06-21T14:27:00,P005,2,85.95,GBP
O002362,C00779,2026-04-04T03:25:00,P002,3,159.5,GBP
O002363,C00808,2026-05-23T06:59:00,P004,3,37.42,GBP
O002364,C00796,2026-04-03T20:04:00,P003,2,25.18,GBP
O002365,C00497,2026-04-29T02:06:00,P004,2,35.57,GBP
O002366,C00908,2026-02-04T14:11:00,P005,1,96.09,GBP
O002367,C00841,2026-04-06T13:15:00,P005,3,93.1,GBP
O002368,C00613,2026-01-08T14:50:00,P001,2,85.6,GBP
O002369,C00510,2026-04-19T04:14:00,P001,2,72.16,GBP
O002370,C00363,2026-01-20T22:27:00,P002,3,135.8,GBP
O002371,C00375,2026-05-31T13:05:00,P005,4,82.96,GBP
O002372,C00211,2026-06-30T08:54:00,P005,2,85.69,GBP
O002373,C00576,2026-03-30T21:40:00,P004,4,32.89,GBP
O002374,C00368,2026-05-26T17:28:00,P003,1,25.45,GBP
O002375,C00249,2026-05-19T16:09:00,P005,1,89.95,GBP
O002376,C00116,2026-05-24T17:36:00,P001,1,82.07,GBP
O002377,C00123,2026-03-01T07:58:00,P004,2,35.76,GBP
O002378,C00214,2026-02-21T03:12:00,P003,3,23.67,GBP
O002379,C00084,2026-06-11T15:05:00,P001,1,82.7,GBP
O002380,C00149,2026-05-06T17:10:00,P004,4,36.89,GBP
O002381,C00246,2026-03-04T17:24:00,P004,1,36.81,GBP
O002382,C00862,2026-05-12T02:20:00,P002,2,155.24,GBP
O002383,C00177,2026-01-13T17:19:00,P002,1,140.42,GBP
O002384,C00313,2026-03-14T17:43:00,P003,2,25.78,GBP
O002385,C00883,2026-03-23T03:49:00,P005,1,89.82,GBP
O002386,C00426,2026-03-07T20:00:00,P003,1,24.87,GBP
O002387,C00821,2026-03-16T04:49:00,P003,1,27.45,GBP
O002388,C00016,2026-06-30T21:34:00,P002,2,150.33,GBP
O002389,C00137,2026-03-12T03:19:00,P004,1,31.8,GBP
O002390,C00553,2026-06-17T07:37:00,P001,4,75.81,GBP
O002391,C00693,2026-03-12T07:09:00,P003,1,22.67,GBP
O002392,C00860,2026-03-29T22:47:00,P004,3,35.51,GBP
O002393,C00725,2026-06-13T03:06:00,P004,2,33.05,GBP
O002394,C00944,2026-03-30T17:46:00,P001,2,75.71,GBP
O002395,C00779,2026-02-11T01:36:00,P001,3,82.04,GBP
O002396,C00878,2026-02-09T20:55:00,P004,3,35.8,GBP
O002397,C00295,2026-04-14T05:59:00,P001,4,73.47,GBP
O002398,C00009,2026-06-12T01:49:00,P004,2,32.64,GBP
O002399,C00968,2026-01-28T04:31:00,P003,4,22.54,GBP
O002400,C00444,2026-03-14T21:43:00,P003,2,25.83,GBP
O002401,C00399,2026-02-09T19:37:00,P002,2,138.48,GBP
O002402,C00910,2026-03-27T01:29:00,P001,3,73.67,GBP
O002403,C00263,2026-06-05T12:52:00,P005,3,97.53,GBP
O002404,C00028,2026-06-01T04:31:00,P005,3,82.48,GBP
O002405,C00521,2026-05-30T20:15:00,P003,3,24.27,GBP
O002406,C00753,2026-06-02T14:59:00,P002,4,145.54,GBP
O002407,C00863,2026-02-07T22:29:00,P001,3,76.61,GBP
O002408,C00806,2026-03-20T04:17:00,P001,3,79.15,GBP
O002409,C00422,2026-03-01T19:25:00,P003,3,25.42,GBP
O002410,C00833,2026-04-09T11:06:00,P001,3,85.96,GBP
O002411,C00265,2026-03-20T14:21:00,P003,1,24.91,GBP
O002412,C00818,2026-03-16T10:51:00,P002,4,144.5,GBP
O002413,C00306,2026-04-08T10:51:00,P001,2,86.15,GBP
O002414,C00917,2026-01-07T08:32:00,P002,4,164.43,GBP
O002415,C00951,2026-05-23T10:01:00,P002,1,137.28,GBP
O002416,C00230,2026-04-22T23:59:00,P005,4,92.1,GBP
O002417,C00349,2026-03-08T17:59:00,P002,4,153.45,GBP
O002418,C00497,2026-05-04T04:31:00,P004,3,36.65,GBP
O002419,C00258,2026-02-08T05:34:00,P003,3,23.07,GBP
O002420,C00994,2026-01-01T06:56:00,P005,3,93.18,GBP
O002421,C00776,2026-01-26T06:21:00,P003,2,24.86,GBP
O002422,C00236,2026-04-27T04:59:00,P001,1,79.1,GBP
O002423,C00614,2026-05-04T11:47:00,P002,1,159.68,GBP
O002424,C00966,2026-06-22T01:46:00,P004,2,33.14,GBP
O002425,C00611,2026-06-04T19:00:00,P005,4,97.24,GBP
O002426,C00215,2026-02-27T12:43:00,P002,1,137.9,GBP
O002427,C00544,2026-03-29T18:04:00,P002,4,164.02,GBP
O002428,C00375,2026-04-02T23:17:00,P005,2,97.06,GBP
O002429,C00993,2026-04-17T07:43:00,P002,3,163.41,GBP
O002430,C00820,2026-04-05T03:24:00,P001,3,80.9,GBP
O002431,C00784,2026-05-10T19:14:00,P005,1,90.28,GBP
O002432,C00541,2026-02-01T03:24:00,P005,2,92.16,GBP
O002433,C00575,2026-01-31T16:57:00,P005,2,85.22,GBP
O002434,C00799,2026-06-14T00:04:00,P004,2,33.28,GBP
O002435,C00674,2026-05-31T22:23:00,P003,3,24.19,GBP
O002436,C00201,2026-02-18T09:41:00,P005,1,93.18,GBP
O002437,C00788,2026-06-02T15:10:00,P002,3,153.75,GBP
O002438,C00052,2026-05-25T23:02:00,P002,2,140.55,GBP
O002439,C00284,2026-02-20T21:23:00,P001,1,85.84,GBP
O002440,C00698,2026-04-28T07:40:00,P001,2,78.01,GBP
O002441,C00137,2026-03-17T22:06:00,P002,4,135.1,GBP
O002442,C00784,2026-02-13T10:26:00,P003,2,24.89,GBP
O002443,C00860,2026-05-27T00:58:00,P004,2,32.32,GBP
O002444,C00086,2026-02-12T12:29:00,P004,4,35.83,GBP
O002445,C00957,2026-06-03T02:39:00,P001,1,74.33,GBP
O002446,C00583,2026-05-09T22:29:00,P002,2,149.11,GBP
O002447,C00288,2026-03-16T22:14:00,P005,1,87.47,GBP
O002448,C00452,2026-04-09T19:28:00,P005,1,92.3,GBP
O002449,C00365,2026-02-06T18:26:00,P002,4,137.55,GBP
O002450,C00505,2026-05-10T19:40:00,P003,4,23.02,GBP
O002451,C00367,2026-01-15T03:38:00,P005,3,81.86,GBP
O002452,C00283,2026-03-17T00:42:00,P002,4,148.99,GBP
O002453,C00061,2026-01-30T22:42:00,P002,4,141.66,GBP
O002454,C00141,2026-03-28T16:05:00,P003,1,22.95,GBP
O002455,C00020,2026-02-25T13:10:00,P004,3,36.74,GBP
O002456,C00483,2026-03-21T08:09:00,P005,4,95.01,GBP
O002457,C00659,2026-03-02T18:43:00,P003,4,26.78,GBP
O002458,C00995,2026-06-13T03:06:00,P005,3,85.84,GBP
O002459,C00515,2026-01-20T13:15:00,P002,2,160.82,GBP
O002460,C00110,2026-02-14T20:12:00,P001,2,80.57,GBP
O002461,C00417,2026-02-19T16:11:00,P002,1,144.9,GBP
O002462,C00096,2026-02-05T20:20:00,P005,2,97.81,GBP
O002463,C00978,2026-01-23T01:47:00,P002,2,146.41,GBP
O002464,C00452,2026-01-07T12:23:00,P001,4,78.13,GBP
O002465,C00690,2026-03-17T19:00:00,P002,2,155.28,GBP
O002466,C00885,2026-02-09T19:39:00,P002,4,144.77,GBP
O002467,C00345,2026-06-30T22:57:00,P003,2,24.96,GBP
O002468,C00832,2026-01-20T14:45:00,P005,3,82.65,GBP
O002469,C00363,2026-06-02T01:49:00,P002,2,146.54,GBP
O002470,C00364,2026-03-14T05:24:00,P002,3,148.22,GBP
O002471,C00448,2026-04-19T15:25:00,P004,2,36.71,GBP
O002472,C00172,2026-04-15T23:49:00,P004,4,34.22,GBP
O002473,C00312,2026-06-14T15:01:00,P005,3,81.2,GBP
O002474,C00770,2026-03-27T05:40:00,P002,2,143.82,GBP
O002475,C00709,2026-01-12T12:17:00,P005,3,95.06,GBP
O002476,C00994,2026-02-07T12:30:00,P003,1,25.51,GBP
O002477,C00385,2026-03-11T07:49:00,P004,4,32.07,GBP
O002478,C00041,2026-06-27T22:04:00,P002,4,143.69,GBP
O002479,C00935,2026-02-26T02:21:00,P001,1,78.84,GBP
O002480,C00357,2026-04-08T11:42:00,P002,3,161.63,GBP
O002481,C00190,2026-01-24T03:16:00,P003,2,23.89,GBP
O002482,C00262,2026-01-02T03:11:00,P003,3,22.61,GBP
O002483,C00219,2026-06-13T15:52:00,P005,1,98.55,GBP
O002484,C00721,2026-05-15T14:11:00,P005,2,81.47,GBP
O002485,C00347,2026-05-15T12:36:00,P003,2,27.42,GBP
O002486,C00438,2026-03-08T10:56:00,P003,4,25.66,GBP
O002487,C00383,2026-06-06T15:19:00,P005,4,91.16,GBP
O002488,C00267,2026-02-04T11:55:00,P003,1,27.1,GBP
O002489,C00749,2026-03-19T07:16:00,P004,4,35.2,GBP
O002490,C00335,2026-04-14T17:34:00,P003,4,25.42,GBP
O002491,C00908,2026-06-22T18:01:00,P003,4,22.8,GBP
O002492,C00536,2026-06-14T14:42:00,P004,3,37.97,GBP
O002493,C00239,2026-01-15T17:27:00,P001,1,77.33,GBP
O002494,C00557,2026-04-14T14:59:00,P005,3,93.13,GBP
O002495,C00383,2026-01-28T03:40:00,P005,2,97.24,GBP
O002496,C00823,2026-03-14T14:05:00,P004,2,31.99,GBP
O002497,C00476,2026-03-28T05:50:00,P002,1,148.16,GBP
O002498,C00021,2026-01-03T05:00:00,P005,3,98.29,GBP
O002499,C00890,2026-06-06T21:52:00,P004,1,32.82,GBP
O002500,C00821,2026-05-24T16:35:00,P003,3,24.75,GBP
